date,symbol,side,currency,underlying,asset_type,price,quantity,commission,fees,stop_loss,profit_target,tags,notes,spread_id
2023-05-05T09:59:00-0400,MESM23,buy,USD,MES,future,4126.25,2.0,1.54,0.0,4121.75,4130.75,ML (A),,0Cyq6WFs
2023-05-05T13:55:24-0400,MESM23,sell,USD,MES,future,4143.25,1.0,0.77,0.0,4121.75,4130.75,ML (A),,0Cyq6WFs
2023-05-05T10:23:55-0400,MESM23,sell,USD,MES,future,4130.75,1.0,0.77,0.0,4121.75,4130.75,ML (A),,0Cyq6WFs
2023-07-17T10:27:29-0400,ESU23,buy,USD,ES,future,4545.0,1.0,0.0,0.0,4541.0,4556.0,"ML (A),OpenTrade",,0lyq4zWB
2023-07-17T12:19:25-0400,ESU23,sell,USD,ES,future,4549.0,1.0,0.0,0.0,4541.0,4556.0,"ML (A),OpenTrade",,0lyq4zWB
2023-05-22T04:39:21-0400,MESM23,buy,USD,MES,future,4204.5,3.0,2.31,0.0,4200.75,4212.0,ML (A+),,0mu9BSI4
2023-05-22T06:50:01-0400,MESM23,sell,USD,MES,future,4200.75,3.0,2.31,0.0,4200.75,4212.0,ML (A+),,0mu9BSI4
2023-12-18T09:32:47-0500,MESH24,buy,USD,MES,future,4784.25,4.0,0.0,0.0,N/A,N/A,ML (A),<br>,0TZvzn74
2023-12-18T10:12:54-0500,MESH24,sell,USD,MES,future,4786.0,2.0,0.0,0.0,N/A,N/A,ML (A),<br>,0TZvzn74
2023-12-18T10:00:56-0500,MESH24,sell,USD,MES,future,4789.25,2.0,0.0,0.0,N/A,N/A,ML (A),<br>,0TZvzn74
2023-06-23T03:06:08-0400,MESU23,buy,USD,MES,future,4408.0,3.0,2.31,0.0,4404.0,4418.0,MRL (A),,19BX7YUZ
2023-06-23T03:15:03-0400,MESU23,sell,USD,MES,future,4411.0,2.0,1.54,0.0,4404.0,4418.0,MRL (A),,19BX7YUZ
2023-06-23T03:19:39-0400,MESU23,sell,USD,MES,future,4409.5,1.0,0.77,0.0,4404.0,4418.0,MRL (A),,19BX7YUZ
2023-08-11T09:54:00-0400,MESU23,buy,USD,MES,future,4467.25,2.0,1.54,0.0,4467.25,4452.0,MS (A),,1dXNU6JA
2023-08-11T09:45:11-0400,MESU23,sell,USD,MES,future,4463.0,2.0,1.54,0.0,4467.25,4452.0,MS (A),,1dXNU6JA
2023-04-18T10:25:11-0400,ESM23,sell,USD,ES,future,4178.0,1.0,2.29,0.0,4178.0,4193.0,"MRL (B),Pre-empt",,1fpCt71H
2023-04-18T10:17:08-0400,ESM23,buy,USD,ES,future,4181.5,1.0,2.29,0.0,4178.0,4193.0,"MRL (B),Pre-empt",,1fpCt71H
2023-12-18T10:17:23-0500,MESH24,buy,USD,MES,future,4789.0,1.0,0.0,0.0,N/A,N/A,ML (A),<br>,1jrR2DEL
2023-12-18T10:45:55-0500,MESH24,sell,USD,MES,future,4785.5,2.0,0.0,0.0,N/A,N/A,ML (A),<br>,1jrR2DEL
2023-12-18T10:17:20-0500,MESH24,buy,USD,MES,future,4789.0,1.0,0.0,0.0,N/A,N/A,ML (A),<br>,1jrR2DEL
2023-11-09T10:40:11-0500,MESZ23,sell,USD,MES,future,4388.0,2.0,1.54,0.0,4392.0,4380.0,MS (A),,1RXbIhof
2023-11-09T10:51:11-0500,MESZ23,buy,USD,MES,future,4392.0,2.0,1.54,0.0,4392.0,4380.0,MS (A),,1RXbIhof
2023-06-06T11:21:52-0400,MESM23,sell,USD,MES,future,4285.0,1.0,0.77,0.0,4280.25,4293.0,ML (A),,2FGGfqep
2023-06-06T10:52:43-0400,MESM23,sell,USD,MES,future,4291.0,1.0,0.77,0.0,4280.25,4293.0,ML (A),,2FGGfqep
2023-06-06T10:41:53-0400,MESM23,buy,USD,MES,future,4284.0,3.0,2.31,0.0,4280.25,4293.0,ML (A),,2FGGfqep
2023-06-06T10:45:42-0400,MESM23,sell,USD,MES,future,4290.75,1.0,0.77,0.0,4280.25,4293.0,ML (A),,2FGGfqep
2023-04-20T12:42:20-0400,ESM23,buy,USD,ES,future,4163.0,1.0,2.29,0.0,N/A,N/A,"ML (C),Pre-empt",,2QEMclhI
2023-04-20T12:46:00-0400,ESM23,sell,USD,ES,future,4163.75,1.0,2.29,0.0,N/A,N/A,"ML (C),Pre-empt",,2QEMclhI
2023-06-27T04:30:55-0400,MESU23,sell,USD,MES,future,4379.5,3.0,2.31,0.0,4379.5,4391.0,ML (A+),,2qFFTMFo
2023-06-27T03:00:56-0400,MESU23,buy,USD,MES,future,4383.25,3.0,2.31,0.0,4379.5,4391.0,ML (A+),,2qFFTMFo
2023-05-17T15:20:27-0400,MESM23,sell,USD,MES,future,4171.0,2.0,1.54,0.0,4165.5,4182.5,ML (A),,2ze0RlnJ
2023-05-17T15:05:16-0400,MESM23,buy,USD,MES,future,4169.5,2.0,1.54,0.0,4165.5,4182.5,ML (A),,2ze0RlnJ
2023-06-27T11:04:45-0400,MESU23,sell,USD,MES,future,4385.0,1.0,0.77,0.0,4383.5,4495.0,ML (A),,2zOcBpWk
2023-06-27T10:35:43-0400,MESU23,buy,USD,MES,future,4386.25,3.0,2.31,0.0,4383.5,4495.0,ML (A),,2zOcBpWk
2023-06-27T11:00:37-0400,MESU23,sell,USD,MES,future,4391.0,2.0,1.54,0.0,4383.5,4495.0,ML (A),,2zOcBpWk
2023-11-09T09:48:58-0500,MESZ23,sell,USD,MES,future,4395.5,2.0,1.54,0.0,4399.5,4380.0,MS (A),,3eBCHf3f
2023-11-09T09:52:01-0500,MESZ23,buy,USD,MES,future,4399.5,2.0,1.54,0.0,4399.5,4380.0,MS (A),,3eBCHf3f
2023-10-19T10:56:45-0400,MESZ23,buy,USD,MES,future,4326.0,4.0,3.08,0.0,4335.75,4326.0,MS (A),<br>,3KwVs8US
2023-10-19T10:37:14-0400,MESZ23,sell,USD,MES,future,4331.75,8.0,6.16,0.0,4335.75,4326.0,MS (A),<br>,3KwVs8US
2023-10-19T11:25:01-0400,MESZ23,buy,USD,MES,future,4328.5,4.0,3.08,0.0,4335.75,4326.0,MS (A),<br>,3KwVs8US
2023-11-08T10:01:07-0500,MESZ23,sell,USD,MES,future,4401.0,1.0,0.77,0.0,N/A,N/A,ML (A),,3M2TWDDY
2023-11-08T10:01:07-0500,MESZ23,sell,USD,MES,future,4401.0,1.0,0.77,0.0,N/A,N/A,ML (A),,3M2TWDDY
2023-11-08T10:00:03-0500,MESZ23,buy,USD,MES,future,4404.75,1.0,0.77,0.0,N/A,N/A,ML (A),,3M2TWDDY
2023-11-08T10:00:03-0500,MESZ23,buy,USD,MES,future,4404.75,1.0,0.77,0.0,N/A,N/A,ML (A),,3M2TWDDY
2023-08-01T10:29:28-0400,ESU23,sell,USD,ES,future,4594.75,1.0,2.29,0.0,N/A,N/A,MS (A),,3x0zVxZq
2023-08-01T10:35:25-0400,ESU23,buy,USD,ES,future,4598.75,1.0,2.29,0.0,N/A,N/A,MS (A),,3x0zVxZq
2023-05-09T06:35:01-0400,MESM23,buy,USD,MES,future,4138.5,2.0,1.54,0.0,4135.5,4145.0,MRL (A),,3zp0f4Kk
2023-05-09T07:24:18-0400,MESM23,sell,USD,MES,future,4135.5,2.0,1.54,0.0,4135.5,4145.0,MRL (A),,3zp0f4Kk
2023-04-11T10:50:01-0400,ESM23,buy,USD,ES,future,4134.25,1.0,2.29,0.0,4131.0,4138.75,MRL (A),,4fiJSQon
2023-04-11T11:19:29-0400,ESM23,sell,USD,ES,future,4138.75,1.0,2.29,0.0,4131.0,4138.75,MRL (A),,4fiJSQon
2023-10-06T10:21:53-0400,MESZ23,buy,USD,MES,future,4257.5,6.0,4.62,0.0,4253.5,4279.0,MRL (B),<br>,4hpZLvIe
2023-10-06T10:30:07-0400,MESZ23,sell,USD,MES,future,4279.0,3.0,2.31,0.0,4253.5,4279.0,MRL (B),<br>,4hpZLvIe
2023-10-06T10:23:50-0400,MESZ23,sell,USD,MES,future,4266.0,3.0,2.31,0.0,4253.5,4279.0,MRL (B),<br>,4hpZLvIe
2023-10-05T10:15:51-0400,MESZ23,sell,USD,MES,future,4276.5,6.0,4.62,0.0,4280.5,4266.0,MS (B),<br>,4NTeD8nC
2023-10-05T10:17:57-0400,MESZ23,buy,USD,MES,future,4280.25,6.0,4.62,0.0,4280.5,4266.0,MS (B),<br>,4NTeD8nC
2023-05-18T09:55:23-0400,MESM23,sell,USD,MES,future,4166.0,2.0,1.54,0.0,4166.0,4182.5,ML (B),,4r4d0pPx
2023-05-18T09:51:59-0400,MESM23,buy,USD,MES,future,4169.75,2.0,1.54,0.0,4166.0,4182.5,ML (B),,4r4d0pPx
2023-04-20T11:30:00-0400,ESM23,buy,USD,ES,future,4156.5,1.0,2.29,0.0,4152.75,4168.25,ML (B),,4TyQHvbj
2023-04-20T11:34:56-0400,ESM23,sell,USD,ES,future,4152.75,1.0,2.29,0.0,4152.75,4168.25,ML (B),,4TyQHvbj
2023-05-31T10:55:34-0400,MESM23,buy,USD,MES,future,4182.75,3.0,2.31,0.0,4182.75,4170.0,MS (A),,5eiayNPt
2023-05-31T10:48:35-0400,MESM23,sell,USD,MES,future,4179.0,3.0,2.31,0.0,4182.75,4170.0,MS (A),,5eiayNPt
2023-07-28T12:32:02-0400,ESU23,sell,USD,ES,future,4613.0,1.0,1.0,0.0,N/A,N/A,ML (A),,5hov8RC6
2023-07-28T12:11:32-0400,ESU23,buy,USD,ES,future,4609.5,1.0,2.29,0.0,N/A,N/A,ML (A),,5hov8RC6
2023-11-08T09:51:35-0500,MESZ23,buy,USD,MES,future,4407.0,1.0,0.0,0.0,4403.0,4416.0,ML (A),<br>,5Qn5aWbf
2023-11-08T09:58:36-0500,MESZ23,sell,USD,MES,future,4403.0,1.0,0.0,0.0,4403.0,4416.0,ML (A),<br>,5Qn5aWbf
2023-11-08T09:58:36-0500,MESZ23,sell,USD,MES,future,4403.0,1.0,0.0,0.0,4403.0,4416.0,ML (A),<br>,5Qn5aWbf
2023-11-08T09:51:35-0500,MESZ23,buy,USD,MES,future,4407.0,1.0,0.0,0.0,4403.0,4416.0,ML (A),<br>,5Qn5aWbf
2023-06-05T14:33:56-0400,MESM23,buy,USD,MES,future,4281.0,1.0,0.77,0.0,4290.5,4278.0,MS (A),,5R8WS4pM
2023-06-05T14:34:19-0400,MESM23,buy,USD,MES,future,4278.0,1.0,0.77,0.0,4290.5,4278.0,MS (A),,5R8WS4pM
2023-06-05T14:53:19-0400,MESM23,buy,USD,MES,future,4279.5,1.0,0.77,0.0,4290.5,4278.0,MS (A),,5R8WS4pM
2023-06-05T14:31:09-0400,MESM23,sell,USD,MES,future,4286.0,3.0,2.31,0.0,4290.5,4278.0,MS (A),,5R8WS4pM
2023-12-05T10:25:53-0500,MESZ23,sell,USD,MES,future,4571.5,4.0,2.88,0.0,4568.5,4584.0,ML (A),,5RV47HEG
2023-12-05T10:19:53-0500,MESZ23,buy,USD,MES,future,4572.5,4.0,2.88,0.0,4568.5,4584.0,ML (A),,5RV47HEG
2023-11-13T10:09:00-0500,MESZ23,buy,USD,MES,future,4411.75,1.0,0.77,0.0,4408.5,4429.0,MRL (A),,5vm0hMMc
2023-11-13T10:09:00-0500,MESZ23,buy,USD,MES,future,4411.75,1.0,0.77,0.0,4408.5,4429.0,MRL (A),,5vm0hMMc
2023-11-13T10:46:03-0500,MESZ23,sell,USD,MES,future,4419.0,1.0,0.77,0.0,4408.5,4429.0,MRL (A),,5vm0hMMc
2023-11-13T11:33:07-0500,MESZ23,sell,USD,MES,future,4429.0,1.0,0.77,0.0,4408.5,4429.0,MRL (A),,5vm0hMMc
2023-11-16T10:08:28-0500,MESZ23,sell,USD,MES,future,4519.25,1.0,0.77,0.0,4517.25,4533.0,ML (A+),,6dccGpPr
2023-11-16T10:15:19-0500,MESZ23,sell,USD,MES,future,4517.25,1.0,0.77,0.0,4517.25,4533.0,ML (A+),,6dccGpPr
2023-11-16T10:15:19-0500,MESZ23,sell,USD,MES,future,4517.25,1.0,0.77,0.0,4517.25,4533.0,ML (A+),,6dccGpPr
2023-11-16T10:09:37-0500,MESZ23,buy,USD,MES,future,4521.25,1.0,0.77,0.0,4517.25,4533.0,ML (A+),,6dccGpPr
2023-11-16T10:08:28-0500,MESZ23,sell,USD,MES,future,4519.25,1.0,0.77,0.0,4517.25,4533.0,ML (A+),,6dccGpPr
2023-11-16T10:09:37-0500,MESZ23,buy,USD,MES,future,4521.25,1.0,0.77,0.0,4517.25,4533.0,ML (A+),,6dccGpPr
2023-11-16T10:05:37-0500,MESZ23,buy,USD,MES,future,4522.75,1.0,0.77,0.0,4517.25,4533.0,ML (A+),,6dccGpPr
2023-11-16T10:05:37-0500,MESZ23,buy,USD,MES,future,4522.75,1.0,0.77,0.0,4517.25,4533.0,ML (A+),,6dccGpPr
2023-08-24T13:13:47-0400,MESU23,sell,USD,MES,future,4413.0,1.0,0.77,0.0,4417.0,4400.0,MS (A+),<br>,6LwpJSna
2023-08-24T14:01:05-0400,MESU23,buy,USD,MES,future,4413.0,1.0,0.77,0.0,4417.0,4400.0,MS (A+),<br>,6LwpJSna
2023-08-24T13:26:50-0400,MESU23,buy,USD,MES,future,4407.5,1.0,0.77,0.0,4417.0,4400.0,MS (A+),<br>,6LwpJSna
2023-08-24T13:13:49-0400,MESU23,sell,USD,MES,future,4413.25,1.0,0.77,0.0,4417.0,4400.0,MS (A+),<br>,6LwpJSna
2023-06-14T10:05:54-0400,MESU23,sell,USD,MES,future,4428.5,1.0,0.77,0.0,4420.25,4432.0,ML (A),,6mUY9HlV
2023-06-14T10:25:13-0400,MESU23,sell,USD,MES,future,4424.75,1.0,0.77,0.0,4420.25,4432.0,ML (A),,6mUY9HlV
2023-06-14T10:11:32-0400,MESU23,sell,USD,MES,future,4427.5,1.0,0.77,0.0,4420.25,4432.0,ML (A),,6mUY9HlV
2023-06-14T09:59:56-0400,MESU23,buy,USD,MES,future,4424.0,3.0,2.31,0.0,4420.25,4432.0,ML (A),,6mUY9HlV
2023-06-15T14:32:30-0400,MESU23,sell,USD,MES,future,4468.25,1.0,0.77,0.0,4458.5,4480.0,"EarlyClose,ML (A)",,6nAHwcVt
2023-06-15T14:22:22-0400,MESU23,buy,USD,MES,future,4462.75,2.0,1.54,0.0,4458.5,4480.0,"EarlyClose,ML (A)",,6nAHwcVt
2023-06-15T14:52:46-0400,MESU23,sell,USD,MES,future,4476.75,1.0,0.77,0.0,4458.5,4480.0,"EarlyClose,ML (A)",,6nAHwcVt
2023-06-02T11:34:31-0400,MESM23,sell,USD,MES,future,4283.75,1.0,0.77,0.0,4270.5,4285.0,ML (A),,6OcaJqhy
2023-06-02T11:00:03-0400,MESM23,sell,USD,MES,future,4279.0,1.0,0.77,0.0,4270.5,4285.0,ML (A),,6OcaJqhy
2023-06-02T10:51:18-0400,MESM23,buy,USD,MES,future,4274.25,3.0,2.31,0.0,4270.5,4285.0,ML (A),,6OcaJqhy
2023-06-02T11:04:11-0400,MESM23,sell,USD,MES,future,4285.0,1.0,0.77,0.0,4270.5,4285.0,ML (A),,6OcaJqhy
2023-11-09T10:07:40-0500,MESZ23,buy,USD,MES,future,4390.0,1.0,0.77,0.0,4404.0,4390.0,MRS (A),<br>,6TTRZEVd
2023-11-09T10:06:11-0500,MESZ23,buy,USD,MES,future,4396.0,1.0,0.77,0.0,4404.0,4390.0,MRS (A),<br>,6TTRZEVd
2023-11-09T10:00:58-0500,MESZ23,sell,USD,MES,future,4400.0,2.0,1.54,0.0,4404.0,4390.0,MRS (A),<br>,6TTRZEVd
2023-07-21T15:59:53-0400,ESU23,buy,USD,ES,future,4564.0,1.0,2.29,0.0,4580.25,4560.0,MS (A+),,7aGuwqKu
2023-07-21T15:22:04-0400,ESU23,sell,USD,ES,future,4568.5,1.0,2.29,0.0,4580.25,4560.0,MS (A+),,7aGuwqKu
2023-04-18T12:50:00-0400,ESM23,buy,USD,ES,future,4177.5,1.0,2.29,0.0,4174.5,4189.0,ML (B),,7BQioFt9
2023-04-18T12:51:32-0400,ESM23,sell,USD,ES,future,4174.5,1.0,2.29,0.0,4174.5,4189.0,ML (B),,7BQioFt9
2023-11-20T10:16:31-0500,MESZ23,sell,USD,MES,future,4538.5,1.0,0.0,0.0,N/A,N/A,,CleanOrder.twconfig,7vrDYkYz
2023-11-20T10:42:25-0500,MESZ23,buy,USD,MES,future,4540.5,1.0,0.0,0.0,N/A,N/A,,CleanOrder.twconfig,7vrDYkYz
2023-11-20T10:16:29-0500,MESZ23,sell,USD,MES,future,4538.5,1.0,0.0,0.0,N/A,N/A,,CleanOrder.twconfig,7vrDYkYz
2023-11-20T10:42:25-0500,MESZ23,buy,USD,MES,future,4540.5,1.0,0.0,0.0,N/A,N/A,,CleanOrder.twconfig,7vrDYkYz
2023-08-25T09:51:53-0400,MESU23,sell,USD,MES,future,4403.75,2.0,1.54,0.0,N/A,N/A,ML (A),,8aVujGfb
2023-08-25T09:45:56-0400,MESU23,buy,USD,MES,future,4406.75,2.0,1.54,0.0,N/A,N/A,ML (A),,8aVujGfb
2023-07-25T14:03:56-0400,ESU23,buy,USD,ES,future,4600.75,1.0,0.0,0.0,4596.75,4608.75,,,8EZ24t1w
2023-07-25T14:38:18-0400,ESU23,sell,USD,ES,future,4606.75,1.0,0.0,0.0,4596.75,4608.75,,,8EZ24t1w
2023-04-10T11:27:01-0400,ESM23,buy,USD,ES,future,4112.75,1.0,2.29,0.0,4116.0,4106.0,"EarlyClose,MRS (A)",,8sRD1zrL
2023-04-10T11:23:56-0400,ESM23,sell,USD,ES,future,4112.75,1.0,2.29,0.0,4116.0,4106.0,"EarlyClose,MRS (A)",,8sRD1zrL
2023-05-17T12:28:51-0400,MESM23,buy,USD,MES,future,4148.75,2.0,1.54,0.0,4148.75,4137.0,MRS (B),,8zII7JUJ
2023-05-17T11:50:00-0400,MESM23,sell,USD,MES,future,4144.5,2.0,1.54,0.0,4148.75,4137.0,MRS (B),,8zII7JUJ
2023-09-11T11:22:26-0400,MESZ23,buy,USD,MES,future,4525.25,2.0,1.54,0.0,4525.25,4511.25,MS (A),,9P7wn5fO
2023-09-11T11:08:07-0400,MESZ23,sell,USD,MES,future,4521.25,2.0,1.54,0.0,4525.25,4511.25,MS (A),,9P7wn5fO
2023-04-21T10:02:58-0400,ESM23,buy,USD,ES,future,4140.25,1.0,2.29,0.0,4148.0,4140.0,"EarlyClose,MS (A)",,9xzBrmOP
2023-04-21T09:59:10-0400,ESM23,sell,USD,ES,future,4144.75,1.0,2.29,0.0,4148.0,4140.0,"EarlyClose,MS (A)",,9xzBrmOP
2023-07-20T13:32:48-0400,ESU23,buy,USD,ES,future,4580.25,1.0,2.29,0.0,N/A,N/A,MS (A),,A1ZN7lwG
2023-07-20T13:09:23-0400,ESU23,sell,USD,ES,future,4576.25,1.0,2.29,0.0,N/A,N/A,MS (A),,A1ZN7lwG
2023-06-07T15:10:18-0400,MESM23,sell,USD,MES,future,4274.0,2.0,1.54,0.0,4274.0,4285.0,MRL (B),,ABzJBgXJ
2023-06-07T15:00:04-0400,MESM23,buy,USD,MES,future,4278.25,2.0,1.54,0.0,4274.0,4285.0,MRL (B),,ABzJBgXJ
2023-12-07T10:08:30-0500,MESZ23,buy,USD,MES,future,4577.5,4.0,2.88,0.0,4577.5,4566.5,MRS (A),,AGdtoStu
2023-12-07T10:02:47-0500,MESZ23,sell,USD,MES,future,4573.0,4.0,2.88,0.0,4577.5,4566.5,MRS (A),,AGdtoStu
2023-08-18T10:30:22-0400,MESU23,buy,USD,MES,future,4360.5,2.0,1.54,0.0,4357.5,4372.0,MRL (A+),<br>,AkK4vLbF
2023-08-18T10:36:35-0400,MESU23,sell,USD,MES,future,4366.25,1.0,0.77,0.0,4357.5,4372.0,MRL (A+),<br>,AkK4vLbF
2023-08-18T11:00:04-0400,MESU23,sell,USD,MES,future,4372.0,1.0,0.77,0.0,4357.5,4372.0,MRL (A+),<br>,AkK4vLbF
2023-07-19T13:08:04-0400,ESU23,sell,USD,ES,future,4592.0,1.0,2.29,0.0,N/A,N/A,MRL (A),,aNQAQqAP
2023-07-19T12:42:54-0400,ESU23,buy,USD,ES,future,4596.0,1.0,2.29,0.0,N/A,N/A,MRL (A),,aNQAQqAP
2023-04-17T11:14:02-0400,ESM23,sell,USD,ES,future,4157.5,1.0,2.29,0.0,4157.5,4166.5,MRL (C),,AraXTfUM
2023-04-17T11:05:51-0400,ESM23,buy,USD,ES,future,4161.0,1.0,2.29,0.0,4157.5,4166.5,MRL (C),,AraXTfUM
2023-10-18T10:37:58-0400,MESZ23,buy,USD,MES,future,4369.0,3.0,2.31,0.0,4380.5,4369.0,MS (A),<br>,AVOutM78
2023-10-18T10:34:40-0400,MESZ23,buy,USD,MES,future,4372.75,2.0,1.54,0.0,4380.5,4369.0,MS (A),<br>,AVOutM78
2023-10-18T10:34:05-0400,MESZ23,sell,USD,MES,future,4374.25,4.0,3.08,0.0,4380.5,4369.0,MS (A),<br>,AVOutM78
2023-10-18T11:01:48-0400,MESZ23,buy,USD,MES,future,4368.5,3.0,2.31,0.0,4380.5,4369.0,MS (A),<br>,AVOutM78
2023-10-18T10:34:05-0400,MESZ23,sell,USD,MES,future,4374.25,4.0,3.08,0.0,4380.5,4369.0,MS (A),<br>,AVOutM78
2023-08-31T10:13:32-0400,MESU23,buy,USD,MES,future,4535.75,2.0,1.54,0.0,4535.75,4515.5,MRS (A),,avUNkl6p
2023-08-31T10:05:30-0400,MESU23,sell,USD,MES,future,4531.75,2.0,1.54,0.0,4535.75,4515.5,MRS (A),,avUNkl6p
2023-11-02T11:24:36-0400,MESZ23,buy,USD,MES,future,4317.25,1.0,0.77,0.0,4313.25,4323.25,ML (A+),SimpleBracket.twconfig,ay2hdN1F
2023-11-02T11:24:36-0400,MESZ23,buy,USD,MES,future,4317.25,1.0,0.77,0.0,4313.25,4323.25,ML (A+),SimpleBracket.twconfig,ay2hdN1F
2023-11-02T11:52:08-0400,MESZ23,sell,USD,MES,future,4317.0,2.0,1.54,0.0,4313.25,4323.25,ML (A+),SimpleBracket.twconfig,ay2hdN1F
2023-06-20T11:00:51-0400,MESU23,buy,USD,MES,future,4421.0,2.0,1.54,0.0,4419.0,4402.0,MS (A+),,B2q0CTEc
2023-06-20T10:57:34-0400,MESU23,buy,USD,MES,future,4419.0,2.0,1.54,0.0,4419.0,4402.0,MS (A+),,B2q0CTEc
2023-06-20T10:58:40-0400,MESU23,sell,USD,MES,future,4417.0,2.0,1.54,0.0,4419.0,4402.0,MS (A+),,B2q0CTEc
2023-06-20T10:54:09-0400,MESU23,sell,USD,MES,future,4415.25,2.0,1.54,0.0,4419.0,4402.0,MS (A+),,B2q0CTEc
2023-12-14T04:09:53-0500,MESH24,buy,USD,MES,future,4771.75,2.0,1.54,0.0,4782.25,4768.0,MRS (A),<br>,b48O8Sxx
2023-12-14T03:58:11-0500,MESH24,buy,USD,MES,future,4774.0,2.0,1.54,0.0,4782.25,4768.0,MRS (A),<br>,b48O8Sxx
2023-12-14T03:34:30-0500,MESH24,sell,USD,MES,future,4778.25,4.0,3.08,0.0,4782.25,4768.0,MRS (A),<br>,b48O8Sxx
2023-06-27T11:26:57-0400,MESU23,sell,USD,MES,future,4389.0,1.0,0.77,0.0,4384.75,4495.0,ML (A),,b69rJtF2
2023-06-27T11:21:40-0400,MESU23,sell,USD,MES,future,4391.0,1.0,0.77,0.0,4384.75,4495.0,ML (A),,b69rJtF2
2023-06-27T11:16:48-0400,MESU23,buy,USD,MES,future,4387.0,2.0,1.54,0.0,4384.75,4495.0,ML (A),,b69rJtF2
2023-06-20T10:14:20-0400,MESU23,sell,USD,MES,future,4429.5,2.0,1.54,0.0,4429.5,4442.25,MRL (B),,B6ZU2Ncm
2023-06-20T10:10:43-0400,MESU23,buy,USD,MES,future,4433.75,2.0,1.54,0.0,4429.5,4442.25,MRL (B),,B6ZU2Ncm
2023-08-25T10:36:49-0400,MESU23,buy,USD,MES,future,4384.0,1.0,0.77,0.0,4395.0,4462.0,MS (B),<br>,bCksy48J
2023-08-25T10:29:16-0400,MESU23,sell,USD,MES,future,4391.0,2.0,1.54,0.0,4395.0,4462.0,MS (B),<br>,bCksy48J
2023-08-25T11:06:18-0400,MESU23,buy,USD,MES,future,4375.0,1.0,0.77,0.0,4395.0,4462.0,MS (B),<br>,bCksy48J
2023-10-27T10:20:38-0400,MESZ23,buy,USD,MES,future,4161.0,2.0,1.54,0.0,4157.0,4175.0,MRL (A),<br>,beb11YzS
2023-10-27T10:39:20-0400,MESZ23,sell,USD,MES,future,4157.0,2.0,1.54,0.0,4157.0,4175.0,MRL (A),<br>,beb11YzS
2023-07-10T10:18:43-0400,ESU23,sell,USD,ES,future,4441.0,1.0,2.29,0.0,4441.0,4450.0,ML (A),,BfdR7iAz
2023-07-10T10:14:19-0400,ESU23,buy,USD,ES,future,4444.0,1.0,2.29,0.0,4441.0,4450.0,ML (A),,BfdR7iAz
2023-09-13T11:50:01-0400,MESZ23,sell,USD,MES,future,4525.5,1.0,0.77,0.0,4521.25,4532.25,ML (A),,BJevfnS9
2023-09-13T11:22:07-0400,MESZ23,buy,USD,MES,future,4524.25,2.0,1.54,0.0,4521.25,4532.25,ML (A),,BJevfnS9
2023-09-13T11:30:27-0400,MESZ23,sell,USD,MES,future,4528.75,1.0,0.77,0.0,4521.25,4532.25,ML (A),,BJevfnS9
2023-12-04T10:02:15-0500,MESZ23,sell,USD,MES,future,4569.5,4.0,2.48,0.0,4569.5,4591.0,MRL (A),,Bme67wU5
2023-12-04T09:42:01-0500,MESZ23,buy,USD,MES,future,4573.5,4.0,2.48,0.0,4569.5,4591.0,MRL (A),,Bme67wU5
2023-09-08T10:35:26-0400,MESU23,buy,USD,MES,future,4473.25,2.0,1.54,0.0,4469.25,4482.0,ML (A),,BMkeUzzY
2023-09-08T10:41:02-0400,MESU23,sell,USD,MES,future,4469.25,2.0,1.54,0.0,4469.25,4482.0,ML (A),,BMkeUzzY
2023-06-28T10:23:09-0400,MESU23,buy,USD,MES,future,4411.75,2.0,1.54,0.0,4408.0,4418.75,"ML (B),Pre-empt",,BpQXit6e
2023-06-28T10:23:48-0400,MESU23,sell,USD,MES,future,4408.0,2.0,1.54,0.0,4408.0,4418.75,"ML (B),Pre-empt",,BpQXit6e
2023-11-22T10:46:00-0500,MESZ23,sell,USD,MES,future,4569.0,1.0,0.77,0.0,4560.5,4571.0,MRL (A),,btgpguWW
2023-11-22T10:29:01-0500,MESZ23,buy,USD,MES,future,4564.5,2.0,1.44,0.0,4560.5,4571.0,MRL (A),,btgpguWW
2023-11-22T10:39:01-0500,MESZ23,sell,USD,MES,future,4571.0,1.0,0.77,0.0,4560.5,4571.0,MRL (A),,btgpguWW
2023-07-14T11:00:36-0400,ESU23,buy,USD,ES,future,4549.0,1.0,2.29,0.0,4545.25,4555.0,MRL (A),,BUwL82mW
2023-07-14T11:37:07-0400,ESU23,sell,USD,ES,future,4555.0,1.0,2.29,0.0,4545.25,4555.0,MRL (A),,BUwL82mW
2023-04-04T14:18:02-0400,ESM23,sell,USD,ES,future,4127.75,1.0,2.29,0.0,4127.75,4142.0,MRL (B),,Bz6cVfYd
2023-04-04T13:48:28-0400,ESM23,buy,USD,ES,future,4130.5,1.0,2.29,0.0,4127.75,4142.0,MRL (B),,Bz6cVfYd
2023-05-31T14:50:47-0400,MESM23,buy,USD,MES,future,4190.0,1.0,0.77,0.0,4182.0,4170.0,MS (A),,bzcA63cv
2023-05-31T14:32:10-0400,MESM23,sell,USD,MES,future,4195.75,2.0,1.54,0.0,4182.0,4170.0,MS (A),,bzcA63cv
2023-05-31T14:55:00-0400,MESM23,buy,USD,MES,future,4192.5,1.0,0.77,0.0,4182.0,4170.0,MS (A),,bzcA63cv
2023-09-11T10:38:53-0400,MESZ23,buy,USD,MES,future,4526.0,2.0,1.54,0.0,4522.0,4536.0,MRL (B),,cb3q7Wuc
2023-09-11T11:01:15-0400,MESZ23,sell,USD,MES,future,4522.0,1.0,0.77,0.0,4522.0,4536.0,MRL (B),,cb3q7Wuc
2023-09-11T10:53:05-0400,MESZ23,sell,USD,MES,future,4531.0,1.0,0.77,0.0,4522.0,4536.0,MRL (B),,cb3q7Wuc
2023-11-13T11:06:02-0500,MESZ23,buy,USD,MES,future,4414.5,2.0,1.54,0.0,4414.5,4400.0,MS (A),,Cc1HkRcE
2023-11-13T10:54:20-0500,MESZ23,sell,USD,MES,future,4410.5,2.0,1.54,0.0,4414.5,4400.0,MS (A),,Cc1HkRcE
2023-10-16T09:51:32-0400,MESZ23,sell,USD,MES,future,4382.25,4.0,3.08,0.0,4386.25,4375.5,MRS (A),<br>,cCOqycDv
2023-10-16T09:51:32-0400,MESZ23,sell,USD,MES,future,4382.25,4.0,3.08,0.0,4386.25,4375.5,MRS (A),<br>,cCOqycDv
2023-10-16T09:53:26-0400,MESZ23,buy,USD,MES,future,4386.25,4.0,3.08,0.0,4386.25,4375.5,MRS (A),<br>,cCOqycDv
2023-10-16T09:53:26-0400,MESZ23,buy,USD,MES,future,4386.25,4.0,3.08,0.0,4386.25,4375.5,MRS (A),<br>,cCOqycDv
2023-05-23T03:55:24-0400,MESM23,buy,USD,MES,future,4204.0,2.0,1.54,0.0,4199.75,4210.0,MRL (B),,cgh85akx
2023-05-23T05:21:58-0400,MESM23,sell,USD,MES,future,4199.75,2.0,1.54,0.0,4199.75,4210.0,MRL (B),,cgh85akx
2023-08-16T09:41:51-0400,MESU23,buy,USD,MES,future,4461.0,2.0,1.54,0.0,4457.0,4469.0,ML (A),<br>,d0huoe1K
2023-08-16T09:49:09-0400,MESU23,sell,USD,MES,future,4465.0,1.0,0.77,0.0,4457.0,4469.0,ML (A),<br>,d0huoe1K
2023-08-16T10:00:06-0400,MESU23,sell,USD,MES,future,4457.0,1.0,0.77,0.0,4457.0,4469.0,ML (A),<br>,d0huoe1K
2023-08-16T15:06:35-0400,MESU23,buy,USD,MES,future,4438.25,2.0,1.54,0.0,4442.25,4430.0,"EarlyClose,MS (A+)",<br>,DnzbeyqD
2023-08-16T14:54:38-0400,MESU23,sell,USD,MES,future,4439.25,2.0,1.54,0.0,4442.25,4430.0,"EarlyClose,MS (A+)",<br>,DnzbeyqD
2023-04-18T10:35:43-0400,ESM23,buy,USD,ES,future,4168.25,1.0,2.29,0.0,4181.75,4166.0,MS (A),,DPps4Zfo
2023-04-18T10:25:13-0400,ESM23,sell,USD,ES,future,4178.0,1.0,2.29,0.0,4181.75,4166.0,MS (A),,DPps4Zfo
2023-09-19T10:32:04-0400,MESZ23,sell,USD,MES,future,4477.0,2.0,1.54,0.0,4481.0,4468.0,MS (A+),,dsoubu3x
2023-09-19T10:39:06-0400,MESZ23,buy,USD,MES,future,4471.5,1.0,0.77,0.0,4481.0,4468.0,MS (A+),,dsoubu3x
2023-09-19T11:03:06-0400,MESZ23,buy,USD,MES,future,4468.0,1.0,0.77,0.0,4481.0,4468.0,MS (A+),,dsoubu3x
2023-12-01T10:14:05-0500,MESZ23,sell,USD,MES,future,4573.5,4.0,2.4,0.0,4573.5,4597.5,ML (A),,dXKze1ca
2023-12-01T10:06:26-0500,MESZ23,buy,USD,MES,future,4577.5,4.0,2.4,0.0,4573.5,4597.5,ML (A),,dXKze1ca
2023-05-25T03:06:33-0400,MESM23,sell,USD,MES,future,4147.0,2.0,1.54,0.0,4150.0,4139.75,MRS (A),,dZToi83C
2023-05-25T03:31:48-0400,MESM23,sell,USD,MES,future,4142.0,1.0,0.77,0.0,4150.0,4139.75,MRS (A),,dZToi83C
2023-05-25T03:35:08-0400,MESM23,buy,USD,MES,future,4139.25,4.0,3.08,0.0,4150.0,4139.75,MRS (A),,dZToi83C
2023-05-25T03:34:54-0400,MESM23,sell,USD,MES,future,4139.5,1.0,0.77,0.0,4150.0,4139.75,MRS (A),,dZToi83C
2023-10-20T10:09:49-0400,MESZ23,buy,USD,MES,future,4281.25,4.0,3.08,0.0,4293.75,4255.0,MS (A+),<br>,e0DIgv2L
2023-10-20T10:50:00-0400,MESZ23,buy,USD,MES,future,4268.75,2.0,1.54,0.0,4293.75,4255.0,MS (A+),<br>,e0DIgv2L
2023-10-20T10:03:21-0400,MESZ23,sell,USD,MES,future,4287.75,8.0,6.16,0.0,4293.75,4255.0,MS (A+),<br>,e0DIgv2L
2023-10-20T10:11:31-0400,MESZ23,buy,USD,MES,future,4277.0,2.0,1.54,0.0,4293.75,4255.0,MS (A+),<br>,e0DIgv2L
2023-05-12T12:02:43-0400,MESM23,sell,USD,MES,future,4133.5,1.0,0.77,0.0,4137.25,4115.0,MS (A),,E3FS0Py6
2023-05-12T12:33:02-0400,MESM23,buy,USD,MES,future,4124.0,1.0,0.77,0.0,4137.25,4115.0,MS (A),,E3FS0Py6
2023-09-27T10:54:02-0400,MESZ23,buy,USD,MES,future,4308.0,2.0,1.54,0.0,4321.5,4308.0,MS (A),<br>,E99cYsOM
2023-09-27T10:43:18-0400,MESZ23,sell,USD,MES,future,4318.25,4.0,3.08,0.0,4321.5,4308.0,MS (A),<br>,E99cYsOM
2023-09-27T10:51:24-0400,MESZ23,buy,USD,MES,future,4312.0,2.0,1.54,0.0,4321.5,4308.0,MS (A),<br>,E99cYsOM
2023-08-14T11:41:51-0400,MESU23,sell,USD,MES,future,4498.75,1.0,0.77,0.0,4489.5,44506.0,ML (A+),<br>,ECL7pbIo
2023-08-14T12:03:09-0400,MESU23,buy,USD,MES,future,4498.25,1.0,0.77,0.0,4489.5,44506.0,ML (A+),<br>,ECL7pbIo
2023-08-14T12:09:24-0400,MESU23,sell,USD,MES,future,4496.25,2.0,1.54,0.0,4489.5,44506.0,ML (A+),<br>,ECL7pbIo
2023-08-14T11:15:55-0400,MESU23,buy,USD,MES,future,4493.5,2.0,1.54,0.0,4489.5,44506.0,ML (A+),<br>,ECL7pbIo
2023-06-08T10:40:38-0400,MESM23,buy,USD,MES,future,4279.5,3.0,2.31,0.0,4275.5,4292.0,ML (A),,ekDHdJl7
2023-06-08T10:46:55-0400,MESM23,sell,USD,MES,future,4284.0,1.0,0.77,0.0,4275.5,4292.0,ML (A),,ekDHdJl7
2023-06-08T11:01:51-0400,MESM23,sell,USD,MES,future,4284.5,1.0,0.77,0.0,4275.5,4292.0,ML (A),,ekDHdJl7
2023-06-08T12:02:19-0400,MESM23,sell,USD,MES,future,4283.5,1.0,0.77,0.0,4275.5,4292.0,ML (A),,ekDHdJl7
2023-08-21T10:56:54-0400,MESU23,buy,USD,MES,future,4387.75,2.0,1.54,0.0,N/A,N/A,MS (A),<br>,erLlUEBg
2023-08-21T10:44:36-0400,MESU23,sell,USD,MES,future,4387.5,2.0,1.54,0.0,N/A,N/A,MS (A),<br>,erLlUEBg
2023-04-10T11:19:22-0400,ESM23,sell,USD,ES,future,4113.0,1.0,2.29,0.0,4115.75,4106.0,"EarlyClose,MRS (A)",,F4IbRRHV
2023-04-10T11:21:51-0400,ESM23,buy,USD,ES,future,4114.75,1.0,2.29,0.0,4115.75,4106.0,"EarlyClose,MRS (A)",,F4IbRRHV
2023-08-17T09:45:31-0400,MESU23,buy,USD,MES,future,4426.0,1.0,0.77,0.0,4434.25,4420.25,MRS (A),<br>,F7DvV1Uj
2023-08-17T09:36:17-0400,MESU23,sell,USD,MES,future,4430.25,2.0,1.54,0.0,4434.25,4420.25,MRS (A),<br>,F7DvV1Uj
2023-08-17T09:55:22-0400,MESU23,buy,USD,MES,future,4420.5,1.0,0.77,0.0,4434.25,4420.25,MRS (A),<br>,F7DvV1Uj
2023-04-19T11:11:57-0400,ESM23,buy,USD,ES,future,4170.25,1.0,2.29,0.0,4168.25,4180.0,ML (A),,f9AMAZbf
2023-04-19T11:22:54-0400,ESM23,sell,USD,ES,future,4168.25,1.0,2.29,0.0,4168.25,4180.0,ML (A),,f9AMAZbf
2023-08-18T10:06:10-0400,MESU23,sell,USD,MES,future,4360.0,2.0,1.54,0.0,4361.5,4376.0,MRL (C),<br>,fdzyAhXt
2023-08-18T10:05:10-0400,MESU23,buy,USD,MES,future,4364.0,2.0,1.54,0.0,4361.5,4376.0,MRL (C),<br>,fdzyAhXt
2023-05-04T10:42:17-0400,MESM23,buy,USD,MES,future,4071.75,1.0,0.77,0.0,4067.25,4085.0,"LateEntry,MRL (B)",,FJtfdsZI
2023-05-04T10:45:46-0400,MESM23,sell,USD,MES,future,4067.25,1.0,0.77,0.0,4067.25,4085.0,"LateEntry,MRL (B)",,FJtfdsZI
2023-12-19T13:08:08-0500,MESH24,sell,USD,MES,future,4810.5,2.0,1.54,0.0,4800.5,4823.0,ML (A+),<br>,FoKc2Hw1
2023-12-19T09:47:17-0500,MESH24,buy,USD,MES,future,4804.5,4.0,3.08,0.0,4800.5,4823.0,ML (A+),<br>,FoKc2Hw1
2023-12-19T10:25:47-0500,MESH24,sell,USD,MES,future,4812.0,2.0,1.54,0.0,4800.5,4823.0,ML (A+),<br>,FoKc2Hw1
2023-04-03T11:16:50-0400,ESM23,buy,USD,ES,future,4131.75,1.0,2.29,0.0,4127.75,N/A,"EarlyClose,MRL (A)",,fphFsyRF
2023-04-03T11:28:45-0400,ESM23,sell,USD,ES,future,4133.75,1.0,2.29,0.0,4127.75,N/A,"EarlyClose,MRL (A)",,fphFsyRF
2023-05-24T10:20:56-0400,MESM23,sell,USD,MES,future,4124.5,3.0,2.31,0.0,4128.25,4115.0,MS (A+),,fqqvEoiE
2023-05-24T10:52:50-0400,MESM23,buy,USD,MES,future,4120.75,2.0,1.54,0.0,4128.25,4115.0,MS (A+),,fqqvEoiE
2023-05-24T11:08:45-0400,MESM23,buy,USD,MES,future,4122.25,1.0,0.77,0.0,4128.25,4115.0,MS (A+),,fqqvEoiE
2023-07-25T11:22:17-0400,ESU23,buy,USD,ES,future,4590.75,1.0,0.0,0.0,4590.75,4983.5,,,Fu3lkl0h
2023-07-25T10:47:06-0400,ESU23,sell,USD,ES,future,4587.75,1.0,0.0,0.0,4590.75,4983.5,,,Fu3lkl0h
2023-05-30T11:57:12-0400,MESM23,buy,USD,MES,future,4220.0,3.0,2.31,0.0,4115.25,4232.0,MRL (A),,G1AJVbBo
2023-05-30T12:05:38-0400,MESM23,sell,USD,MES,future,4215.0,3.0,2.31,0.0,4115.25,4232.0,MRL (A),,G1AJVbBo
2023-11-08T10:12:12-0500,MESZ23,sell,USD,MES,future,4398.5,1.0,0.77,0.0,N/A,N/A,MRS (A),,Gbd27vJR
2023-11-08T10:12:12-0500,MESZ23,sell,USD,MES,future,4398.5,1.0,0.77,0.0,N/A,N/A,MRS (A),,Gbd27vJR
2023-11-08T10:35:10-0500,MESZ23,buy,USD,MES,future,4392.75,1.0,0.77,0.0,N/A,N/A,MRS (A),,Gbd27vJR
2023-11-08T10:45:23-0500,MESZ23,buy,USD,MES,future,4397.75,1.0,0.77,0.0,N/A,N/A,MRS (A),,Gbd27vJR
2023-04-05T14:50:02-0400,ESM23,sell,USD,ES,future,4115.25,1.0,2.29,0.0,4118.25,4111.25,MRS (A),,gCy9FeIj
2023-04-05T15:16:23-0400,ESM23,buy,USD,ES,future,4111.25,1.0,2.29,0.0,4118.25,4111.25,MRS (A),,gCy9FeIj
2023-11-09T11:18:22-0500,MESZ23,sell,USD,MES,future,4403.25,1.0,0.77,0.0,4390.0,4403.25,MRL (A),,GeeGXfyy
2023-11-09T10:56:27-0500,MESZ23,buy,USD,MES,future,4394.0,2.0,1.54,0.0,4390.0,4403.25,MRL (A),,GeeGXfyy
2023-11-09T11:05:22-0500,MESZ23,sell,USD,MES,future,4398.0,1.0,0.77,0.0,4390.0,4403.25,MRL (A),,GeeGXfyy
2023-08-07T09:41:30-0400,ESU23,sell,USD,ES,future,4521.25,1.0,2.29,0.0,4521.25,4536.75,"ML (A+),OpenTrade",,Gh2bpsVH
2023-08-07T09:40:30-0400,ESU23,buy,USD,ES,future,4525.25,1.0,2.29,0.0,4521.25,4536.75,"ML (A+),OpenTrade",,Gh2bpsVH
2023-04-17T11:04:18-0400,ESM23,sell,USD,ES,future,4157.5,1.0,2.29,0.0,4157.5,4166.5,MRL (C),,GK1m97ZE
2023-04-17T11:00:05-0400,ESM23,buy,USD,ES,future,4161.25,1.0,2.29,0.0,4157.5,4166.5,MRL (C),,GK1m97ZE
2023-05-11T11:10:01-0400,MESM23,sell,USD,MES,future,4134.5,1.0,0.77,0.0,4139.25,4129.0,MRS (B),,GnPkMJV3
2023-05-11T11:22:42-0400,MESM23,buy,USD,MES,future,4135.75,1.0,0.77,0.0,4139.25,4129.0,MRS (B),,GnPkMJV3
2023-10-25T11:10:08-0400,MESZ23,sell,USD,MES,future,4244.25,2.0,1.54,0.0,4225.0,4243.0,MRL (B),<br>,Go4T7aPD
2023-10-25T10:33:40-0400,MESZ23,buy,USD,MES,future,4233.0,4.0,3.08,0.0,4225.0,4243.0,MRL (B),<br>,Go4T7aPD
2023-10-25T10:33:40-0400,MESZ23,buy,USD,MES,future,4233.0,4.0,3.08,0.0,4225.0,4243.0,MRL (B),<br>,Go4T7aPD
2023-10-25T10:46:35-0400,MESZ23,sell,USD,MES,future,4241.0,2.0,1.54,0.0,4225.0,4243.0,MRL (B),<br>,Go4T7aPD
2023-10-25T10:39:13-0400,MESZ23,sell,USD,MES,future,4232.25,4.0,3.08,0.0,4225.0,4243.0,MRL (B),<br>,Go4T7aPD
2023-05-08T03:55:36-0400,MESM23,buy,USD,MES,future,4151.75,3.0,2.31,0.0,4149.75,4162.0,ML (A+),,gO7Ujc4Y
2023-05-08T06:18:01-0400,MESM23,sell,USD,MES,future,4157.0,2.0,1.54,0.0,4149.75,4162.0,ML (A+),,gO7Ujc4Y
2023-05-08T08:33:49-0400,MESM23,sell,USD,MES,future,4158.75,1.0,0.77,0.0,4149.75,4162.0,ML (A+),,gO7Ujc4Y
2023-09-07T10:36:03-0400,MESU23,buy,USD,MES,future,4437.5,1.0,0.77,0.0,4432.5,4454.0,MRL (B),,gR6gglbY
2023-09-07T10:49:21-0400,MESU23,sell,USD,MES,future,4450.0,1.0,0.77,0.0,4432.5,4454.0,MRL (B),,gR6gglbY
2023-09-26T11:02:29-0400,MESZ23,sell,USD,MES,future,4335.0,4.0,3.08,0.0,4339.25,4324.0,MS (A+),<br>,gTZm8Fy3
2023-09-26T11:18:27-0400,MESZ23,buy,USD,MES,future,4330.0,1.0,0.77,0.0,4339.25,4324.0,MS (A+),<br>,gTZm8Fy3
2023-09-26T11:29:07-0400,MESZ23,buy,USD,MES,future,4324.0,2.0,1.54,0.0,4339.25,4324.0,MS (A+),<br>,gTZm8Fy3
2023-09-26T12:10:01-0400,MESZ23,buy,USD,MES,future,4329.75,1.0,0.77,0.0,4339.25,4324.0,MS (A+),<br>,gTZm8Fy3
2023-09-18T09:45:53-0400,MESZ23,sell,USD,MES,future,4491.75,2.0,1.54,0.0,4495.75,4477.0,MS (A+),,GzhX1Zqv
2023-09-18T09:51:58-0400,MESZ23,buy,USD,MES,future,4495.75,2.0,1.54,0.0,4495.75,4477.0,MS (A+),,GzhX1Zqv
2023-04-06T11:00:00-0400,ESM23,buy,USD,ES,future,4104.0,1.0,2.29,0.0,4101.0,4108.5,MRL (B),,H99fkaIw
2023-04-06T11:04:22-0400,ESM23,sell,USD,ES,future,4108.5,1.0,2.29,0.0,4101.0,4108.5,MRL (B),,H99fkaIw
2023-05-24T10:17:11-0400,MESM23,buy,USD,MES,future,4127.25,3.0,2.31,0.0,4127.25,4115.0,MS (A+),,HApEDcip
2023-05-24T10:15:58-0400,MESM23,sell,USD,MES,future,4122.75,3.0,2.31,0.0,4127.25,4115.0,MS (A+),,HApEDcip
2023-05-17T11:06:43-0400,MESM23,sell,USD,MES,future,4136.75,3.0,2.31,0.0,4140.5,4130.75,MRS (B),,hcOk1w1c
2023-05-17T11:17:03-0400,MESM23,buy,USD,MES,future,4140.5,3.0,2.31,0.0,4140.5,4130.75,MRS (B),,hcOk1w1c
2023-06-06T14:09:51-0400,MESM23,buy,USD,MES,future,4278.0,3.0,2.31,0.0,4278.0,4257.0,MS (A),,hkDzGPNG
2023-06-06T14:02:19-0400,MESM23,sell,USD,MES,future,4275.0,3.0,2.31,0.0,4278.0,4257.0,MS (A),,hkDzGPNG
2023-04-14T14:44:18-0400,ESM23,buy,USD,ES,future,4157.75,1.0,2.29,0.0,4154.75,4172.0,"MRL (C),Pre-empt",,HMFB15OH
2023-04-14T14:45:55-0400,ESM23,sell,USD,ES,future,4156.25,1.0,2.29,0.0,4154.75,4172.0,"MRL (C),Pre-empt",,HMFB15OH
2023-04-04T10:58:00-0400,ESM23,sell,USD,ES,future,4141.0,1.0,2.29,0.0,4141.0,4153.0,MRL (A),,HoEj1H1P
2023-04-04T10:55:03-0400,ESM23,buy,USD,ES,future,4144.25,1.0,2.29,0.0,4141.0,4153.0,MRL (A),,HoEj1H1P
2023-08-02T10:23:56-0400,ESU23,sell,USD,ES,future,4555.25,1.0,2.29,0.0,4559.25,4542.0,MS (A),,hPB1v221
2023-08-02T10:55:17-0400,ESU23,buy,USD,ES,future,4542.0,1.0,2.29,0.0,4559.25,4542.0,MS (A),,hPB1v221
2023-04-10T11:02:07-0400,ESM23,buy,USD,ES,future,4110.25,1.0,2.29,0.0,N/A,N/A,"EarlyClose,Impulse (F)",,hsbct38K
2023-04-10T11:07:48-0400,ESM23,sell,USD,ES,future,4111.0,1.0,2.29,0.0,N/A,N/A,"EarlyClose,Impulse (F)",,hsbct38K
2023-04-10T14:10:01-0400,ESM23,sell,USD,ES,future,4125.75,1.0,2.29,0.0,4121.75,4130.0,"EarlyClose,ML (B)",,hv6HUrEq
2023-04-10T13:45:02-0400,ESM23,buy,USD,ES,future,4124.75,1.0,2.29,0.0,4121.75,4130.0,"EarlyClose,ML (B)",,hv6HUrEq
2023-10-26T10:50:06-0400,MESZ23,sell,USD,MES,future,4196.5,4.0,3.08,0.0,4179.5,4196.5,MRL (A),,HZ5KJf7k
2023-10-26T10:45:50-0400,MESZ23,sell,USD,MES,future,4188.0,4.0,3.08,0.0,4179.5,4196.5,MRL (A),,HZ5KJf7k
2023-10-26T10:42:44-0400,MESZ23,buy,USD,MES,future,4183.5,8.0,6.16,0.0,4179.5,4196.5,MRL (A),,HZ5KJf7k
2023-06-15T10:48:52-0400,MESU23,sell,USD,MES,future,4443.5,1.0,0.77,0.0,4434.75,4446.0,ML (A),,hzwkbiI5
2023-06-15T11:14:10-0400,MESU23,sell,USD,MES,future,4443.75,2.0,1.54,0.0,4434.75,4446.0,ML (A),,hzwkbiI5
2023-06-15T10:45:46-0400,MESU23,buy,USD,MES,future,4438.5,3.0,2.31,0.0,4434.75,4446.0,ML (A),,hzwkbiI5
2023-04-20T11:10:07-0400,ESM23,buy,USD,ES,future,4158.0,1.0,2.29,0.0,4152.75,4168.25,"ML (B),SLmistake",,i0XAzTg7
2023-04-20T11:11:01-0400,ESM23,sell,USD,ES,future,4157.0,1.0,2.29,0.0,4152.75,4168.25,"ML (B),SLmistake",,i0XAzTg7
2023-10-18T11:05:34-0400,MESZ23.FUT,sell,USD,MESZ23.FUT,stock,4369.75,8.0,6.16,0.0,4373.75,4361.0,MS (A),,iBrjO5X3
2023-10-18T11:25:01-0400,MESZ23.FUT,buy,USD,MESZ23.FUT,stock,4369.0,8.0,6.16,0.0,4373.75,4361.0,MS (A),,iBrjO5X3
2023-07-07T05:09:43-0400,MESU23,sell,USD,MES,future,4444.75,2.0,0.0,0.0,4437.0,4450.0,MRL (A),,If0bDvji
2023-07-07T04:40:02-0400,MESU23,buy,USD,MES,future,4439.75,3.0,0.0,0.0,4437.0,4450.0,MRL (A),,If0bDvji
2023-07-07T06:03:37-0400,MESU23,sell,USD,MES,future,4441.25,1.0,0.0,0.0,4437.0,4450.0,MRL (A),,If0bDvji
2023-06-30T10:10:03-0400,MESU23,sell,USD,MES,future,4483.0,2.0,1.54,0.0,4464.0,4487.0,"ML (A+),OpenTrade",,Ii7eQaeO
2023-06-30T09:31:18-0400,MESU23,buy,USD,MES,future,4467.75,4.0,3.08,0.0,4464.0,4487.0,"ML (A+),OpenTrade",,Ii7eQaeO
2023-06-30T10:20:40-0400,MESU23,sell,USD,MES,future,4487.0,2.0,1.54,0.0,4464.0,4487.0,"ML (A+),OpenTrade",,Ii7eQaeO
2023-09-14T10:29:13-0400,MESZ23,buy,USD,MES,future,4534.25,2.0,1.54,0.0,4530.75,4545.0,MRL (B),,imqlheIt
2023-09-14T10:32:07-0400,MESZ23,sell,USD,MES,future,4539.25,1.0,0.77,0.0,4530.75,4545.0,MRL (B),,imqlheIt
2023-09-14T10:45:04-0400,MESZ23,sell,USD,MES,future,4545.0,1.0,0.77,0.0,4530.75,4545.0,MRL (B),,imqlheIt
2023-04-12T10:19:14-0400,ESM23,sell,USD,ES,future,4151.5,1.0,2.29,0.0,4155.5,4136.0,"MS (C),Pre-empt,SLmistake",,In414sZR
2023-04-12T10:21:04-0400,ESM23,buy,USD,ES,future,4155.5,1.0,2.29,0.0,4155.5,4136.0,"MS (C),Pre-empt,SLmistake",,In414sZR
2023-11-20T10:33:32-0500,MESZ23,buy,USD,MES,future,4540.0,2.0,1.44,0.0,4536.0,4558.0,ML (A+),,ipamN1x9
2023-11-20T13:35:01-0500,MESZ23,sell,USD,MES,future,4558.0,1.0,0.77,0.0,4536.0,4558.0,ML (A+),,ipamN1x9
2023-11-20T12:16:01-0500,MESZ23,sell,USD,MES,future,4550.0,1.0,0.77,0.0,4536.0,4558.0,ML (A+),,ipamN1x9
2023-07-31T10:54:30-0400,ESU23,sell,USD,ES,future,4611.75,1.0,2.29,0.0,N/A,N/A,MRS (B),,IUVOCo7c
2023-07-31T11:12:02-0400,ESU23,buy,USD,ES,future,4615.75,1.0,2.29,0.0,N/A,N/A,MRS (B),,IUVOCo7c
2023-05-19T11:45:10-0400,MESM23,buy,USD,MES,future,4200.25,2.0,1.54,0.0,4200.25,4184.25,MS (B),,j2jiNrfw
2023-05-19T11:43:25-0400,MESM23,sell,USD,MES,future,4195.5,2.0,1.54,0.0,4200.25,4184.25,MS (B),,j2jiNrfw
2023-05-03T10:37:44-0400,ESM23,sell,USD,ES,future,4141.25,1.0,2.29,0.0,4141.25,4149.0,MRL (B),,jCXGT5Ak
2023-05-03T10:36:57-0400,ESM23,buy,USD,ES,future,4143.75,1.0,2.29,0.0,4141.25,4149.0,MRL (B),,jCXGT5Ak
2023-04-10T11:29:35-0400,ESM23,buy,USD,ES,future,4113.5,1.0,2.29,0.0,4111.0,4121.0,"EarlyClose,ML (C)",,JKEH0aA3
2023-04-10T11:43:28-0400,ESM23,sell,USD,ES,future,4115.75,1.0,2.29,0.0,4111.0,4121.0,"EarlyClose,ML (C)",,JKEH0aA3
2023-05-04T12:45:10-0400,MESM23,sell,USD,MES,future,4072.75,1.0,0.77,0.0,4063.25,4073.0,MRL (B),,JTG9Pw06
2023-05-04T12:17:31-0400,MESM23,sell,USD,MES,future,4073.0,1.0,0.77,0.0,4063.25,4073.0,MRL (B),,JTG9Pw06
2023-05-04T12:15:13-0400,MESM23,buy,USD,MES,future,4067.5,3.0,2.31,0.0,4063.25,4073.0,MRL (B),,JTG9Pw06
2023-05-04T12:23:32-0400,MESM23,sell,USD,MES,future,4076.75,1.0,0.77,0.0,4063.25,4073.0,MRL (B),,JTG9Pw06
2023-10-02T10:15:29-0400,MESZ23,buy,USD,MES,future,4321.25,4.0,3.08,0.0,4317.25,4336.0,MRL (A),<br>,ju5Hg7k6
2023-10-02T10:18:49-0400,MESZ23,sell,USD,MES,future,4328.0,2.0,1.54,0.0,4317.25,4336.0,MRL (A),<br>,ju5Hg7k6
2023-10-02T10:22:10-0400,MESZ23,sell,USD,MES,future,4320.0,2.0,1.54,0.0,4317.25,4336.0,MRL (A),<br>,ju5Hg7k6
2023-10-26T10:25:59-0400,MESZ23,buy,USD,MES,future,4184.25,8.0,6.16,0.0,4184.25,4160.0,MS (A),<br>,JVp4ss2n
2023-10-26T10:12:49-0400,MESZ23,sell,USD,MES,future,4180.25,8.0,6.16,0.0,4184.25,4160.0,MS (A),<br>,JVp4ss2n
2023-07-19T09:30:54-0400,ESU23,buy,USD,ES,future,4599.0,1.0,2.29,0.0,4595.0,4607.0,"ML (A),OpenTrade",,jxDZE7ea
2023-07-19T10:05:33-0400,ESU23,sell,USD,ES,future,4607.0,1.0,2.29,0.0,4595.0,4607.0,"ML (A),OpenTrade",,jxDZE7ea
2023-04-26T10:38:54-0400,ESM23,sell,USD,ES,future,4088.5,1.0,2.29,0.0,4092.5,4072.25,"MS (A+),Pre-empt",,k1LX0w7x
2023-04-26T10:52:01-0400,ESM23,buy,USD,ES,future,4092.75,1.0,2.29,0.0,4092.5,4072.25,"MS (A+),Pre-empt",,k1LX0w7x
2023-07-06T04:46:43-0400,MESU23,buy,USD,MES,future,4466.5,3.0,0.0,0.0,4466.5,4456.0,MS (A),,K7498gfN
2023-07-06T03:54:16-0400,MESU23,sell,USD,MES,future,4462.75,3.0,0.0,0.0,4466.5,4456.0,MS (A),,K7498gfN
2023-04-13T11:43:54-0400,ESM23,sell,USD,ES,future,4146.5,1.0,2.29,0.0,4138.5,4149.0,ML (A),,KbynXsk9
2023-04-13T10:43:35-0400,ESM23,buy,USD,ES,future,4142.0,1.0,2.29,0.0,4138.5,4149.0,ML (A),,KbynXsk9
2023-05-11T10:45:34-0400,MESM23,buy,USD,MES,future,4126.75,2.0,1.54,0.0,4122.75,4131.75,MRL (B),,KjejmXKx
2023-05-11T10:50:34-0400,MESM23,sell,USD,MES,future,4131.75,2.0,1.54,0.0,4122.75,4131.75,MRL (B),,KjejmXKx
2023-10-13T10:02:42-0400,MESZ23,sell,USD,MES,future,4398.5,4.0,3.08,0.0,4402.5,4480.5,MRS (A),<br>,KLjvV6eY
2023-10-13T10:02:42-0400,MESZ23,sell,USD,MES,future,4398.5,4.0,3.08,0.0,4402.5,4480.5,MRS (A),<br>,KLjvV6eY
2023-10-13T10:10:01-0400,MESZ23,buy,USD,MES,future,4395.25,4.0,3.08,0.0,4402.5,4480.5,MRS (A),<br>,KLjvV6eY
2023-10-13T10:07:39-0400,MESZ23,buy,USD,MES,future,4390.5,4.0,3.08,0.0,4402.5,4480.5,MRS (A),<br>,KLjvV6eY
2023-09-06T10:52:33-0400,MESU23,buy,USD,MES,future,4466.5,1.0,0.77,0.0,4475.75,4466.5,MS (A),,kX1E421Z
2023-09-06T10:36:11-0400,MESU23,sell,USD,MES,future,4471.75,2.0,1.54,0.0,4475.75,4466.5,MS (A),,kX1E421Z
2023-09-06T10:55:01-0400,MESU23,buy,USD,MES,future,4470.0,1.0,0.77,0.0,4475.75,4466.5,MS (A),,kX1E421Z
2023-08-15T11:00:49-0400,MESU23,buy,USD,MES,future,4467.0,2.0,1.54,0.0,4463.0,4479.0,MRL (A),<br>,kzrpjOC3
2023-08-15T12:09:20-0400,MESU23,sell,USD,MES,future,4468.75,1.0,0.77,0.0,4463.0,4479.0,MRL (A),<br>,kzrpjOC3
2023-08-15T11:10:27-0400,MESU23,sell,USD,MES,future,4473.25,1.0,0.77,0.0,4463.0,4479.0,MRL (A),<br>,kzrpjOC3
2023-05-18T11:58:58-0400,MESM23,sell,USD,MES,future,4187.0,1.0,0.77,0.0,4173.5,4185.5,ML (A),,l4K3NSSR
2023-05-18T10:20:15-0400,MESM23,sell,USD,MES,future,4182.25,1.0,0.77,0.0,4173.5,4185.5,ML (A),,l4K3NSSR
2023-05-18T10:21:37-0400,MESM23,sell,USD,MES,future,4185.5,1.0,0.77,0.0,4173.5,4185.5,ML (A),,l4K3NSSR
2023-05-18T10:16:05-0400,MESM23,buy,USD,MES,future,4177.25,3.0,2.31,0.0,4173.5,4185.5,ML (A),,l4K3NSSR
2023-10-10T11:15:30-0400,MESZ23,sell,USD,MES,future,4410.0,2.0,1.54,0.0,4392.5,4410.0,ML (A+),<br>,l53RV8Dt
2023-10-10T10:50:12-0400,MESZ23,buy,USD,MES,future,4397.75,6.0,4.62,0.0,4392.5,4410.0,ML (A+),<br>,l53RV8Dt
2023-10-10T10:56:29-0400,MESZ23,sell,USD,MES,future,4398.5,2.0,1.54,0.0,4392.5,4410.0,ML (A+),<br>,l53RV8Dt
2023-10-10T11:07:55-0400,MESZ23,sell,USD,MES,future,4405.75,2.0,1.54,0.0,4392.5,4410.0,ML (A+),<br>,l53RV8Dt
2023-10-04T11:05:02-0400,MESZ23,buy,USD,MES,future,4262.25,3.0,2.31,0.0,4276.0,4255.0,MRS (A),<br>,lbZ89oD3
2023-10-04T10:42:21-0400,MESZ23,sell,USD,MES,future,4272.25,6.0,4.62,0.0,4276.0,4255.0,MRS (A),<br>,lbZ89oD3
2023-10-04T10:46:32-0400,MESZ23,buy,USD,MES,future,4264.75,3.0,2.31,0.0,4276.0,4255.0,MRS (A),<br>,lbZ89oD3
2023-08-18T09:57:40-0400,MESU23,sell,USD,MES,future,4361.5,1.0,0.77,0.0,4356.5,4376.0,"EarlyClose,MRL (A)",<br>,LgBhUgfe
2023-08-18T09:35:44-0400,MESU23,buy,USD,MES,future,4360.5,2.0,1.54,0.0,4356.5,4376.0,"EarlyClose,MRL (A)",<br>,LgBhUgfe
2023-08-18T09:44:43-0400,MESU23,sell,USD,MES,future,4366.5,1.0,0.77,0.0,4356.5,4376.0,"EarlyClose,MRL (A)",<br>,LgBhUgfe
2023-05-30T10:50:01-0400,MESM23,buy,USD,MES,future,4220.0,3.0,2.31,0.0,4215.0,4231.25,MRL (A),,LHmLd6xk
2023-05-30T11:16:00-0400,MESM23,sell,USD,MES,future,4215.0,3.0,2.31,0.0,4215.0,4231.25,MRL (A),,LHmLd6xk
2023-10-18T10:19:14-0400,MESZ23,sell,USD,MES,future,4389.5,4.0,3.08,0.0,4375.5,4389.5,MRL (B),<br>,lIzm4fvC
2023-10-18T10:14:55-0400,MESZ23,buy,USD,MES,future,4379.5,4.0,3.08,0.0,4375.5,4389.5,MRL (B),<br>,lIzm4fvC
2023-10-18T10:14:55-0400,MESZ23,buy,USD,MES,future,4379.5,4.0,3.08,0.0,4375.5,4389.5,MRL (B),<br>,lIzm4fvC
2023-10-18T10:19:05-0400,MESZ23,sell,USD,MES,future,4384.5,4.0,3.08,0.0,4375.5,4389.5,MRL (B),<br>,lIzm4fvC
2023-05-03T11:36:35-0400,MESM23,buy,USD,MES,future,4138.0,2.0,1.54,0.0,4140.25,4132.0,MS (A),,LXdOxypB
2023-05-03T11:36:38-0400,MESM23,sell,USD,MES,future,4137.5,1.0,0.77,0.0,4140.25,4132.0,MS (A),,LXdOxypB
2023-05-03T11:02:26-0400,MESM23,buy,USD,MES,future,4132.0,1.0,0.77,0.0,4140.25,4132.0,MS (A),,LXdOxypB
2023-05-03T10:53:42-0400,MESM23,sell,USD,MES,future,4137.25,3.0,2.31,0.0,4140.25,4132.0,MS (A),,LXdOxypB
2023-05-03T11:36:35-0400,MESM23,buy,USD,MES,future,4138.0,1.0,0.77,0.0,4140.25,4132.0,MS (A),,LXdOxypB
2023-09-21T10:39:19-0400,MESZ23,sell,USD,MES,future,4411.0,1.0,0.77,0.0,4401.75,4418.0,MRL (A),<br>,lzhriMgL
2023-09-21T10:56:13-0400,MESZ23,sell,USD,MES,future,4401.75,1.0,0.77,0.0,4401.75,4418.0,MRL (A),<br>,lzhriMgL
2023-09-21T10:31:49-0400,MESZ23,buy,USD,MES,future,4405.75,2.0,1.54,0.0,4401.75,4418.0,MRL (A),<br>,lzhriMgL
2023-06-20T11:20:26-0400,MESU23,buy,USD,MES,future,4419.5,2.0,1.54,0.0,4424.5,4409.5,MS (A),,m1pYZVWH
2023-06-20T11:10:03-0400,MESU23,sell,USD,MES,future,4420.5,2.0,1.54,0.0,4424.5,4409.5,MS (A),,m1pYZVWH
2023-09-27T10:40:57-0400,MESZ23,sell,USD,MES,future,4317.25,4.0,3.08,0.0,4317.25,4330.0,MRL (A),<br>,maZQvDEj
2023-09-27T10:33:32-0400,MESZ23,buy,USD,MES,future,4320.25,4.0,3.08,0.0,4317.25,4330.0,MRL (A),<br>,maZQvDEj
2023-12-08T10:09:36-0500,MESZ23,sell,USD,MES,future,4604.0,2.0,1.44,0.0,4593.0,4620.0,ML (A),,MioVHL2F
2023-12-08T10:35:41-0500,MESZ23,sell,USD,MES,future,4596.0,2.0,1.44,0.0,4593.0,4620.0,ML (A),,MioVHL2F
2023-12-08T10:03:02-0500,MESZ23,buy,USD,MES,future,4597.0,4.0,2.88,0.0,4593.0,4620.0,ML (A),,MioVHL2F
2023-07-11T11:08:24-0400,ESU23,buy,USD,ES,future,4455.0,1.0,2.29,0.0,4452.0,4461.0,ML (A),,mLFKT3R0
2023-07-11T11:28:19-0400,ESU23,sell,USD,ES,future,4452.0,1.0,2.29,0.0,4452.0,4461.0,ML (A),,mLFKT3R0
2023-09-05T11:01:26-0400,MESU23,sell,USD,MES,future,4514.5,1.0,0.77,0.0,4503.75,4514.5,MRS (A),,MLpJ3T0X
2023-09-05T10:48:11-0400,MESU23,buy,USD,MES,future,4507.75,2.0,1.54,0.0,4503.75,4514.5,MRS (A),,MLpJ3T0X
2023-09-05T10:49:36-0400,MESU23,sell,USD,MES,future,4511.75,1.0,0.77,0.0,4503.75,4514.5,MRS (A),,MLpJ3T0X
2023-10-16T10:09:59-0400,MESZ23,buy,USD,MES,future,4385.75,8.0,6.16,0.0,4389.75,4375.5,MRS (A),<br>,MMZKNxxZ
2023-10-16T09:54:57-0400,MESZ23,sell,USD,MES,future,4385.75,4.0,3.08,0.0,4389.75,4375.5,MRS (A),<br>,MMZKNxxZ
2023-10-16T09:54:57-0400,MESZ23,sell,USD,MES,future,4385.75,4.0,3.08,0.0,4389.75,4375.5,MRS (A),<br>,MMZKNxxZ
2023-06-30T10:33:00-0400,MESU23,sell,USD,MES,future,4484.5,2.0,1.54,0.0,N/A,N/A,ML (B),,MnbLS563
2023-06-30T10:24:52-0400,MESU23,buy,USD,MES,future,4484.0,2.0,1.54,0.0,N/A,N/A,ML (B),,MnbLS563
2023-08-11T12:25:35-0400,MESU23,buy,USD,MES,future,4477.25,1.0,0.77,0.0,4486.0,4469.0,MRS (A),,MrjRCcfy
2023-08-11T12:20:03-0400,MESU23,sell,USD,MES,future,4481.0,2.0,1.54,0.0,4486.0,4469.0,MRS (A),,MrjRCcfy
2023-08-11T12:51:36-0400,MESU23,buy,USD,MES,future,4472.25,1.0,0.77,0.0,4486.0,4469.0,MRS (A),,MrjRCcfy
2023-05-01T13:37:49-0400,ESM23,sell,USD,ES,future,4196.5,1.0,2.29,0.0,4196.5,4208.0,ML (A),,Mu8dpIUq
2023-05-01T13:35:00-0400,ESM23,buy,USD,ES,future,4199.5,1.0,2.29,0.0,4196.5,4208.0,ML (A),,Mu8dpIUq
2023-08-30T10:54:53-0400,MESU23,sell,USD,MES,future,4516.75,1.0,0.77,0.0,4507.75,4522.0,MRL (A+),<br>,MW4JhA5p
2023-08-30T10:37:34-0400,MESU23,buy,USD,MES,future,4511.75,2.0,1.54,0.0,4507.75,4522.0,MRL (A+),<br>,MW4JhA5p
2023-08-30T11:15:26-0400,MESU23,sell,USD,MES,future,4516.5,1.0,0.77,0.0,4507.75,4522.0,MRL (A+),<br>,MW4JhA5p
2023-06-22T06:45:18-0400,MESU23,sell,USD,MES,future,4396.0,1.0,0.77,0.0,4395.5,4409.0,MRL (A),,mxzfZz1Z
2023-06-22T05:00:05-0400,MESU23,buy,USD,MES,future,4399.5,2.0,1.54,0.0,4395.5,4409.0,MRL (A),,mxzfZz1Z
2023-06-22T05:47:30-0400,MESU23,sell,USD,MES,future,4403.0,1.0,0.77,0.0,4395.5,4409.0,MRL (A),,mxzfZz1Z
2023-11-06T14:39:06-0500,MESZ23,buy,USD,MES,future,4373.75,1.0,0.0,0.0,4369.75,4383.0,MRL (A),<br>,N0jOWr5O
2023-11-06T15:59:05-0500,MESZ23,sell,USD,MES,future,4383.0,1.0,0.0,0.0,4369.75,4383.0,MRL (A),<br>,N0jOWr5O
2023-11-06T14:39:06-0500,MESZ23,buy,USD,MES,future,4373.75,1.0,0.0,0.0,4369.75,4383.0,MRL (A),<br>,N0jOWr5O
2023-11-06T14:54:25-0500,MESZ23,sell,USD,MES,future,4378.75,1.0,0.0,0.0,4369.75,4383.0,MRL (A),<br>,N0jOWr5O
2023-11-28T12:06:31-0500,MESZ23,sell,USD,MES,future,4571.0,2.0,1.44,0.0,4558.5,4583.0,ML (A+),,n4QFiOhV
2023-11-28T11:24:28-0500,MESZ23,sell,USD,MES,future,4569.0,2.0,1.44,0.0,4558.5,4583.0,ML (A+),,n4QFiOhV
2023-11-28T10:56:14-0500,MESZ23,buy,USD,MES,future,4562.5,4.0,2.88,0.0,4558.5,4583.0,ML (A+),,n4QFiOhV
2023-09-07T10:03:49-0400,MESU23,sell,USD,MES,future,4436.5,2.0,1.54,0.0,4436.5,4454.0,MRL (A),,n8RCgDBi
2023-09-07T09:55:30-0400,MESU23,buy,USD,MES,future,4440.5,2.0,1.54,0.0,4436.5,4454.0,MRL (A),,n8RCgDBi
2023-06-08T09:51:18-0400,MESM23,sell,USD,MES,future,4267.75,3.0,2.31,0.0,4271.75,4260.0,MS (A),,NAfZLmyf
2023-06-08T09:53:03-0400,MESM23,buy,USD,MES,future,4271.5,3.0,2.31,0.0,4271.75,4260.0,MS (A),,NAfZLmyf
2023-05-04T10:19:11-0400,MESM23,sell,USD,MES,future,4074.0,1.0,0.77,0.0,4080.0,4061.75,"MS (A+),OppositeVSA",,nB80lXKe
2023-05-04T10:35:27-0400,MESM23,buy,USD,MES,future,4070.75,1.0,0.77,0.0,4080.0,4061.75,"MS (A+),OppositeVSA",,nB80lXKe
2023-11-28T09:55:00-0500,MESZ23,sell,USD,MES,future,4550.5,4.0,2.88,0.0,4554.5,4539.0,MS (A+),,NDku8vBC
2023-11-28T10:03:44-0500,MESZ23,buy,USD,MES,future,4554.5,4.0,2.88,0.0,4554.5,4539.0,MS (A+),,NDku8vBC
2023-05-31T11:29:00-0400,MESM23,buy,USD,MES,future,4174.0,1.0,0.77,0.0,4182.5,4170.0,MS (A),,Nevp6oLN
2023-05-31T10:57:55-0400,MESM23,sell,USD,MES,future,4180.5,3.0,2.31,0.0,4182.5,4170.0,MS (A),,Nevp6oLN
2023-05-31T11:54:46-0400,MESM23,buy,USD,MES,future,4182.5,2.0,1.54,0.0,4182.5,4170.0,MS (A),,Nevp6oLN
2023-05-04T10:10:05-0400,MESM23,sell,USD,MES,future,4080.25,3.0,2.31,0.0,4085.5,4070.5,MS (A+),,NLGqh5e3
2023-05-04T10:18:37-0400,MESM23,buy,USD,MES,future,4074.5,2.0,1.54,0.0,4085.5,4070.5,MS (A+),,NLGqh5e3
2023-05-04T10:17:50-0400,MESM23,buy,USD,MES,future,4070.5,1.0,0.77,0.0,4085.5,4070.5,MS (A+),,NLGqh5e3
2023-04-04T10:38:06-0400,ESM23,sell,USD,ES,future,4150.0,1.0,2.29,0.0,4154.0,4141.75,MS (A),,NqcjKnm3
2023-04-04T10:45:01-0400,ESM23,buy,USD,ES,future,4147.0,1.0,2.29,0.0,4154.0,4141.75,MS (A),,NqcjKnm3
2023-06-08T09:58:07-0400,MESM23,buy,USD,MES,future,4272.0,3.0,2.31,0.0,4271.5,4260.0,MS (A),,NVElWTd7
2023-06-08T09:53:30-0400,MESM23,sell,USD,MES,future,4268.0,3.0,2.31,0.0,4271.5,4260.0,MS (A),,NVElWTd7
2023-11-30T10:12:01-0500,MESZ23,buy,USD,MES,future,4557.75,4.0,2.4,0.0,4553.75,4569.0,MRL (A),,o7SaWaHv
2023-11-30T10:14:46-0500,MESZ23,sell,USD,MES,future,4563.5,2.0,1.2,0.0,4553.75,4569.0,MRL (A),,o7SaWaHv
2023-11-30T10:25:01-0500,MESZ23,sell,USD,MES,future,4562.5,2.0,1.2,0.0,4553.75,4569.0,MRL (A),,o7SaWaHv
2023-04-19T13:06:46-0400,ESM23,sell,USD,ES,future,4180.0,1.0,2.29,0.0,4165.75,4180.0,ML (A+),,oa7vhyN2
2023-04-19T11:37:16-0400,ESM23,buy,USD,ES,future,4169.5,1.0,2.29,0.0,4165.75,4180.0,ML (A+),,oa7vhyN2
2023-06-02T09:57:30-0400,MESM23,sell,USD,MES,future,4260.0,3.0,2.31,0.0,4264.0,4256.0,MS (A),,OajAoDdP
2023-06-02T09:58:53-0400,MESM23,buy,USD,MES,future,4254.25,2.0,1.54,0.0,4264.0,4256.0,MS (A),,OajAoDdP
2023-06-02T10:06:10-0400,MESM23,buy,USD,MES,future,4259.0,1.0,0.77,0.0,4264.0,4256.0,MS (A),,OajAoDdP
2023-09-25T10:34:16-0400,MESZ23,sell,USD,MES,future,4356.75,2.0,1.54,0.0,4350.5,4361.0,MRL (B),<br>,oCGfYjow
2023-09-25T10:46:30-0400,MESZ23,sell,USD,MES,future,4355.0,2.0,1.54,0.0,4350.5,4361.0,MRL (B),<br>,oCGfYjow
2023-09-25T10:32:52-0400,MESZ23,buy,USD,MES,future,4353.5,4.0,3.08,0.0,4350.5,4361.0,MRL (B),<br>,oCGfYjow
2023-05-22T11:35:12-0400,MESM23,sell,USD,MES,future,4210.75,1.0,0.77,0.0,4200.0,4213.0,MRL (A),,OGbv373I
2023-05-22T11:11:16-0400,MESM23,sell,USD,MES,future,4208.75,1.0,0.77,0.0,4200.0,4213.0,MRL (A),,OGbv373I
2023-05-22T11:02:44-0400,MESM23,sell,USD,MES,future,4208.5,1.0,0.77,0.0,4200.0,4213.0,MRL (A),,OGbv373I
2023-05-22T10:58:22-0400,MESM23,buy,USD,MES,future,4203.0,3.0,2.31,0.0,4200.0,4213.0,MRL (A),,OGbv373I
2023-05-26T10:03:15-0400,MESM23,buy,USD,MES,future,4186.0,3.0,2.31,0.0,4181.0,4195.0,ML (A+),,ogch6NGu
2023-05-26T10:21:54-0400,MESM23,sell,USD,MES,future,4195.5,1.0,0.77,0.0,4181.0,4195.0,ML (A+),,ogch6NGu
2023-05-26T10:10:29-0400,MESM23,sell,USD,MES,future,4190.0,1.0,0.77,0.0,4181.0,4195.0,ML (A+),,ogch6NGu
2023-05-26T10:09:08-0400,MESM23,sell,USD,MES,future,4191.75,1.0,0.77,0.0,4181.0,4195.0,ML (A+),,ogch6NGu
2023-05-22T09:48:42-0400,MESM23,buy,USD,MES,future,4214.5,3.0,2.31,0.0,4210.5,4225.0,ML (A+),,one8kb68
2023-05-22T09:57:11-0400,MESM23,sell,USD,MES,future,4210.5,3.0,2.31,0.0,4210.5,4225.0,ML (A+),,one8kb68
2023-05-15T11:15:24-0400,MESM23,buy,USD,MES,future,4141.0,3.0,2.31,0.0,4141.0,4132.75,MRS (B),,ooxTovv2
2023-05-15T10:57:41-0400,MESM23,sell,USD,MES,future,4137.25,3.0,2.31,0.0,4141.0,4132.75,MRS (B),,ooxTovv2
2023-05-22T08:04:13-0400,MESM23,sell,USD,MES,future,4208.0,2.0,1.54,0.0,4202.25,4210.0,ML (A+),,Ove9bGPO
2023-05-22T08:24:31-0400,MESM23,sell,USD,MES,future,4210.0,1.0,0.77,0.0,4202.25,4210.0,ML (A+),,Ove9bGPO
2023-05-22T07:40:12-0400,MESM23,buy,USD,MES,future,4204.0,3.0,2.31,0.0,4202.25,4210.0,ML (A+),,Ove9bGPO
2023-04-11T13:45:41-0400,ESM23,buy,USD,ES,future,4146.5,1.0,2.29,0.0,4145.5,4137.0,MRS (C),,PbhIbFUg
2023-04-11T13:35:01-0400,ESM23,sell,USD,ES,future,4144.0,1.0,2.29,0.0,4145.5,4137.0,MRS (C),,PbhIbFUg
2023-07-31T10:07:38-0400,ESU23,buy,USD,ES,future,4610.0,1.0,2.29,0.0,N/A,N/A,MS (A),,poRc1Bzp
2023-07-31T10:00:30-0400,ESU23,sell,USD,ES,future,4605.75,1.0,2.29,0.0,N/A,N/A,MS (A),,poRc1Bzp
2023-09-15T09:56:09-0400,MESZ23,buy,USD,MES,future,4525.75,1.0,0.77,0.0,4533.5,4520.0,MS (A+),,POTdTOGq
2023-09-15T09:49:33-0400,MESZ23,sell,USD,MES,future,4530.0,2.0,1.54,0.0,4533.5,4520.0,MS (A+),,POTdTOGq
2023-09-15T10:00:05-0400,MESZ23,buy,USD,MES,future,4531.75,1.0,0.77,0.0,4533.5,4520.0,MS (A+),,POTdTOGq
2023-06-21T10:11:54-0400,MESU23,buy,USD,MES,future,4411.5,2.0,1.54,0.0,4411.25,4402.0,MS (A),,PoupZaQj
2023-06-21T10:06:03-0400,MESU23,sell,USD,MES,future,4407.5,2.0,1.54,0.0,4411.25,4402.0,MS (A),,PoupZaQj
2023-04-28T14:00:00-0400,ESM23,buy,USD,ES,future,4179.75,1.0,2.29,0.0,4175.75,4188.5,ML (A),,PRXEgtAP
2023-04-28T14:31:48-0400,ESM23,sell,USD,ES,future,4175.75,1.0,2.29,0.0,4175.75,4188.5,ML (A),,PRXEgtAP
2023-06-21T09:42:07-0400,MESU23,sell,USD,MES,future,4414.75,4.0,3.08,0.0,4418.5,4402.0,"MS (A+),OpenTrade",,PvC6DB87
2023-06-21T09:47:01-0400,MESU23,buy,USD,MES,future,4418.5,4.0,3.08,0.0,4418.5,4402.0,"MS (A+),OpenTrade",,PvC6DB87
2023-08-21T10:12:59-0400,MESU23,sell,USD,MES,future,4400.5,2.0,1.54,0.0,N/A,N/A,ML (A+),<br>,pVeYzrMO
2023-08-21T10:03:10-0400,MESU23,buy,USD,MES,future,4404.5,2.0,1.54,0.0,N/A,N/A,ML (A+),<br>,pVeYzrMO
2023-10-03T10:03:54-0400,MESZ23,sell,USD,MES,future,4296.75,4.0,3.08,0.0,4300.75,4280.0,MS (A+),<br>,pWAPi0Nv
2023-10-03T10:15:31-0400,MESZ23,buy,USD,MES,future,4280.0,2.0,1.54,0.0,4300.75,4280.0,MS (A+),<br>,pWAPi0Nv
2023-10-03T10:08:39-0400,MESZ23,buy,USD,MES,future,4284.75,2.0,1.54,0.0,4300.75,4280.0,MS (A+),<br>,pWAPi0Nv
2023-08-22T10:49:16-0400,MESU23,sell,USD,MES,future,4410.25,2.0,1.54,0.0,4414.25,4401.0,MS (A),<br>,PyJjmdDF
2023-08-22T10:53:35-0400,MESU23,buy,USD,MES,future,4414.25,2.0,1.54,0.0,4414.25,4401.0,MS (A),<br>,PyJjmdDF
2023-10-23T11:05:10-0400,MESZ23,buy,USD,MES,future,4251.5,8.0,6.16,0.0,4251.5,4237.0,MRS (A),<br>,qdGZ2mNg
2023-10-23T10:45:41-0400,MESZ23,sell,USD,MES,future,4247.5,8.0,6.16,0.0,4251.5,4237.0,MRS (A),<br>,qdGZ2mNg
2023-04-05T13:35:13-0400,ESM23,sell,USD,ES,future,4109.0,1.0,2.29,0.0,4114.5,4097.0,"EarlyClose,MS (A)",,r6Ud0bsW
2023-04-05T13:58:11-0400,ESM23,buy,USD,ES,future,4111.5,1.0,2.29,0.0,4114.5,4097.0,"EarlyClose,MS (A)",,r6Ud0bsW
2023-09-08T09:55:10-0400,MESU23,sell,USD,MES,future,4461.75,2.0,1.54,0.0,4461.75,4474.0,ML (B),,RcsrGDhJ
2023-09-08T09:41:00-0400,MESU23,buy,USD,MES,future,4465.25,2.0,1.54,0.0,4461.75,4474.0,ML (B),,RcsrGDhJ
2023-09-08T09:41:31-0400,MESU23,buy,USD,MES,future,4466.25,1.0,0.77,0.0,4461.75,4474.0,ML (B),,RcsrGDhJ
2023-09-08T09:41:42-0400,MESU23,sell,USD,MES,future,4466.0,1.0,0.77,0.0,4461.75,4474.0,ML (B),,RcsrGDhJ
2023-04-06T10:37:10-0400,ESM23,sell,USD,ES,future,4106.0,1.0,2.29,0.0,4106.0,4120.0,ML (A),,rCw07HLV
2023-04-06T10:31:03-0400,ESM23,buy,USD,ES,future,4109.25,1.0,2.29,0.0,4106.0,4120.0,ML (A),,rCw07HLV
2023-12-04T10:23:34-0500,MESZ23,buy,USD,MES,future,4559.75,2.0,1.44,0.0,4570.75,4544.0,MS (A+),,rd6BAvet
2023-12-04T11:14:27-0500,MESZ23,buy,USD,MES,future,4558.0,2.0,1.44,0.0,4570.75,4544.0,MS (A+),,rd6BAvet
2023-12-04T10:19:15-0500,MESZ23,sell,USD,MES,future,4566.75,4.0,2.48,0.0,4570.75,4544.0,MS (A+),,rd6BAvet
2023-05-01T11:10:49-0400,ESM23,sell,USD,ES,future,4195.5,1.0,2.29,0.0,4195.5,4208.0,ML (B),,RK438hAD
2023-05-01T11:05:40-0400,ESM23,buy,USD,ES,future,4198.5,1.0,2.29,0.0,4195.5,4208.0,ML (B),,RK438hAD
2023-12-20T11:31:36-0500,MESH24,sell,USD,MES,future,4821.5,4.0,3.08,0.0,4821.5,4832.0,ML (B),<br>,RWbNDyRA
2023-12-20T10:43:19-0500,MESH24,buy,USD,MES,future,4825.5,4.0,3.08,0.0,4821.5,4832.0,ML (B),<br>,RWbNDyRA
2023-08-09T14:19:00-0400,MESU23,sell,USD,MES,future,4514.5,1.0,0.77,0.0,4489.0,4514.5,MRL (A),,Rxo6ytZe
2023-08-09T12:55:12-0400,MESU23,buy,USD,MES,future,4494.5,2.0,1.54,0.0,4489.0,4514.5,MRL (A),,Rxo6ytZe
2023-08-09T13:15:12-0400,MESU23,sell,USD,MES,future,4504.5,1.0,0.77,0.0,4489.0,4514.5,MRL (A),,Rxo6ytZe
2023-12-01T11:06:05-0500,MESZ23,buy,USD,MES,future,4572.5,4.0,2.4,0.0,4568.5,4597.5,ML (A),,rXtg3lv3
2023-12-01T11:21:47-0500,MESZ23,sell,USD,MES,future,4578.5,2.0,1.2,0.0,4568.5,4597.5,ML (A),,rXtg3lv3
2023-12-01T11:16:15-0500,MESZ23,sell,USD,MES,future,4584.0,2.0,1.2,0.0,4568.5,4597.5,ML (A),,rXtg3lv3
2023-08-02T14:15:58-0400,ESU23,buy,USD,ES,future,4544.25,1.0,2.29,0.0,N/A,N/A,MRL (A),,S3Lffoh3
2023-08-02T14:36:13-0400,ESU23,sell,USD,ES,future,4540.25,1.0,2.29,0.0,N/A,N/A,MRL (A),,S3Lffoh3
2023-09-26T10:55:09-0400,MESZ23,sell,USD,MES,future,4333.25,4.0,3.08,0.0,4337.25,4312.0,MS (A+),<br>,s3yC1j2W
2023-09-26T11:00:12-0400,MESZ23,buy,USD,MES,future,4337.75,4.0,3.08,0.0,4337.25,4312.0,MS (A+),<br>,s3yC1j2W
2023-04-10T11:23:54-0400,ESM23,sell,USD,ES,future,4112.75,1.0,2.29,0.0,4112.75,N/A,"EarlyClose,ML (F)",,SCGpBd7G
2023-04-10T11:21:53-0400,ESM23,buy,USD,ES,future,4114.75,1.0,2.29,0.0,4112.75,N/A,"EarlyClose,ML (F)",,SCGpBd7G
2023-05-23T08:39:20-0400,MESM23,buy,USD,MES,future,4196.75,3.0,2.31,0.0,4196.75,4186.75,MS (A),,SCWaE6sO
2023-05-23T08:31:05-0400,MESM23,sell,USD,MES,future,4194.0,3.0,2.31,0.0,4196.75,4186.75,MS (A),,SCWaE6sO
2023-06-13T10:26:52-0400,MESU23,sell,USD,MES,future,4404.0,1.0,0.77,0.0,4397.25,4410.0,MRL (A),,SirxRTFB
2023-06-13T10:34:52-0400,MESU23,sell,USD,MES,future,4408.0,1.0,0.77,0.0,4397.25,4410.0,MRL (A),,SirxRTFB
2023-06-13T10:49:00-0400,MESU23,sell,USD,MES,future,4411.5,1.0,0.77,0.0,4397.25,4410.0,MRL (A),,SirxRTFB
2023-06-13T10:20:01-0400,MESU23,buy,USD,MES,future,4403.0,3.0,2.31,0.0,4397.25,4410.0,MRL (A),,SirxRTFB
2023-08-10T10:37:15-0400,MESU23,sell,USD,MES,future,4432.0,2.0,1.54,0.0,4432.0,4448.0,ML (A),,Sjsuuh9E
2023-08-10T10:23:19-0400,MESU23,buy,USD,MES,future,4436.0,2.0,1.54,0.0,4432.0,4448.0,ML (A),,Sjsuuh9E
2023-05-25T12:46:07-0400,MESM23,sell,USD,MES,future,4153.5,2.0,1.54,0.0,4157.5,4147.75,MRS (B),,SoalrK8i
2023-05-25T13:02:22-0400,MESM23,buy,USD,MES,future,4147.75,1.0,0.77,0.0,4157.5,4147.75,MRS (B),,SoalrK8i
2023-05-25T13:16:05-0400,MESM23,buy,USD,MES,future,4156.25,1.0,0.77,0.0,4157.5,4147.75,MRS (B),,SoalrK8i
2023-10-09T04:18:21-0400,MESZ23,buy,USD,MES,future,4331.75,6.0,4.62,0.0,4327.75,4341.5,ML (A+),<br>,sPZ3JtEQ
2023-10-09T04:29:27-0400,MESZ23,sell,USD,MES,future,4328.0,6.0,4.62,0.0,4327.75,4341.5,ML (A+),<br>,sPZ3JtEQ
2023-11-15T11:41:46-0500,MESZ23,buy,USD,MES,future,4521.0,1.0,0.77,0.0,4536.0,4521.0,MRS (A),<br>,SscQ9wxq
2023-11-15T11:35:41-0500,MESZ23,buy,USD,MES,future,4526.0,1.0,0.77,0.0,4536.0,4521.0,MRS (A),<br>,SscQ9wxq
2023-11-15T11:12:16-0500,MESZ23,sell,USD,MES,future,4532.0,1.0,0.77,0.0,4536.0,4521.0,MRS (A),<br>,SscQ9wxq
2023-11-15T11:12:16-0500,MESZ23,sell,USD,MES,future,4532.0,1.0,0.77,0.0,4536.0,4521.0,MRS (A),<br>,SscQ9wxq
2023-08-02T10:06:50-0400,ESU23,sell,USD,ES,future,4560.5,1.0,1.0,0.0,N/A,N/A,MRL (A),,SVdHx6EV
2023-08-02T09:42:06-0400,ESU23,buy,USD,ES,future,4564.5,1.0,2.29,0.0,N/A,N/A,MRL (A),,SVdHx6EV
2023-04-11T11:56:12-0400,ESM23,sell,USD,ES,future,4138.0,1.0,2.29,0.0,4134.25,4142.5,"EarlyClose,ML (A)",,TKwnZxTI
2023-04-11T11:40:02-0400,ESM23,buy,USD,ES,future,4137.75,1.0,2.29,0.0,4134.25,4142.5,"EarlyClose,ML (A)",,TKwnZxTI
2023-09-01T11:02:37-0400,MESU23,buy,USD,MES,future,4523.0,1.0,0.77,0.0,4528.5,4516.0,MS (A),,tqj2mHxG
2023-09-01T10:56:21-0400,MESU23,buy,USD,MES,future,4520.25,1.0,0.77,0.0,4528.5,4516.0,MS (A),,tqj2mHxG
2023-09-01T10:52:59-0400,MESU23,sell,USD,MES,future,4525.5,2.0,1.54,0.0,4528.5,4516.0,MS (A),,tqj2mHxG
2023-04-17T10:53:53-0400,ESM23,sell,USD,ES,future,4160.0,1.0,2.29,0.0,4163.75,4144.0,MS (B),,TreEQ5Rw
2023-04-17T11:00:01-0400,ESM23,buy,USD,ES,future,4161.5,1.0,2.29,0.0,4163.75,4144.0,MS (B),,TreEQ5Rw
2023-10-27T11:31:15-0400,MESZ23,buy,USD,MES,future,4167.0,1.0,0.77,0.0,4175.75,4160.5,MRS (A),<br>,TsbwbIHp
2023-10-27T11:24:48-0400,MESZ23,sell,USD,MES,future,4172.75,2.0,1.54,0.0,4175.75,4160.5,MRS (A),<br>,TsbwbIHp
2023-10-27T11:45:07-0400,MESZ23,buy,USD,MES,future,4160.5,1.0,0.77,0.0,4175.75,4160.5,MRS (A),<br>,TsbwbIHp
2023-11-14T11:50:08-0500,MESZ23,sell,USD,MES,future,4514.5,1.0,0.77,0.0,4498.25,4529.0,ML (A+),<br>,tThbo2Ro
2023-11-14T10:08:57-0500,MESZ23,buy,USD,MES,future,4502.25,1.0,0.77,0.0,4498.25,4529.0,ML (A+),<br>,tThbo2Ro
2023-11-14T10:08:57-0500,MESZ23,buy,USD,MES,future,4502.25,1.0,0.77,0.0,4498.25,4529.0,ML (A+),<br>,tThbo2Ro
2023-11-14T10:28:59-0500,MESZ23,sell,USD,MES,future,4512.0,1.0,0.77,0.0,4498.25,4529.0,ML (A+),<br>,tThbo2Ro
2023-09-29T10:22:19-0400,MESZ23,buy,USD,MES,future,4358.0,2.0,1.54,0.0,4367.0,4347.5,MRS (A),<br>,twpzDxC3
2023-09-29T10:32:53-0400,MESZ23,buy,USD,MES,future,4360.0,2.0,1.54,0.0,4367.0,4347.5,MRS (A),<br>,twpzDxC3
2023-09-29T10:10:49-0400,MESZ23,sell,USD,MES,future,4363.5,4.0,3.08,0.0,4367.0,4347.5,MRS (A),<br>,twpzDxC3
2023-10-12T10:06:58-0400,MESZ23,buy,USD,MES,future,4402.0,1.0,0.77,0.0,4406.25,4488.0,MS (A),<br>,ty2d6Oks
2023-10-12T09:54:58-0400,MESZ23,buy,USD,MES,future,4396.75,4.0,3.08,0.0,4406.25,4488.0,MS (A),<br>,ty2d6Oks
2023-10-12T09:52:32-0400,MESZ23,sell,USD,MES,future,4402.25,4.0,3.08,0.0,4406.25,4488.0,MS (A),<br>,ty2d6Oks
2023-10-12T09:52:32-0400,MESZ23,sell,USD,MES,future,4402.25,4.0,3.08,0.0,4406.25,4488.0,MS (A),<br>,ty2d6Oks
2023-10-12T10:05:28-0400,MESZ23,buy,USD,MES,future,4398.5,3.0,2.31,0.0,4406.25,4488.0,MS (A),<br>,ty2d6Oks
2023-05-10T03:32:29-0400,MESM23,sell,USD,MES,future,4137.75,1.0,0.77,0.0,4137.75,4145.5,ML (A),,u2SDo9JC
2023-05-10T03:32:29-0400,MESM23,sell,USD,MES,future,4137.75,1.0,0.77,0.0,4137.75,4145.5,ML (A),,u2SDo9JC
2023-05-10T03:08:45-0400,MESM23,buy,USD,MES,future,4140.75,1.0,0.77,0.0,4137.75,4145.5,ML (A),,u2SDo9JC
2023-05-10T03:10:04-0400,MESM23,buy,USD,MES,future,4141.25,1.0,0.77,0.0,4137.75,4145.5,ML (A),,u2SDo9JC
2023-06-29T09:36:48-0400,MESU23,buy,USD,MES,future,4418.25,2.0,1.54,0.0,4415.75,4427.75,"MRL (A+),OpenTrade",,U8hystLa
2023-06-29T10:06:14-0400,MESU23,sell,USD,MES,future,4427.75,2.0,1.54,0.0,4415.75,4427.75,"MRL (A+),OpenTrade",,U8hystLa
2023-06-29T09:47:10-0400,MESU23,buy,USD,MES,future,4422.5,2.0,1.54,0.0,4415.75,4427.75,"MRL (A+),OpenTrade",,U8hystLa
2023-06-29T09:41:17-0400,MESU23,sell,USD,MES,future,4422.0,1.0,0.77,0.0,4415.75,4427.75,"MRL (A+),OpenTrade",,U8hystLa
2023-06-29T10:07:49-0400,MESU23,sell,USD,MES,future,4417.0,1.0,0.77,0.0,4415.75,4427.75,"MRL (A+),OpenTrade",,U8hystLa
2023-05-03T11:38:56-0400,MESM23,buy,USD,MES,future,4137.75,3.0,2.31,0.0,4133.75,4141.75,"LateEntry,MRL (B)",,uhUoqzDJ
2023-05-03T11:56:19-0400,MESM23,sell,USD,MES,future,4141.75,1.0,0.77,0.0,4133.75,4141.75,"LateEntry,MRL (B)",,uhUoqzDJ
2023-05-03T12:52:40-0400,MESM23,sell,USD,MES,future,4148.0,1.0,0.77,0.0,4133.75,4141.75,"LateEntry,MRL (B)",,uhUoqzDJ
2023-05-03T11:56:18-0400,MESM23,sell,USD,MES,future,4141.75,1.0,0.77,0.0,4133.75,4141.75,"LateEntry,MRL (B)",,uhUoqzDJ
2023-08-16T14:42:52-0400,MESU23,sell,USD,MES,future,4444.75,1.0,0.77,0.0,4444.75,4459.0,MRL (B),<br>,unqCOj6m
2023-08-16T14:31:02-0400,MESU23,sell,USD,MES,future,4454.0,1.0,0.77,0.0,4444.75,4459.0,MRL (B),<br>,unqCOj6m
2023-08-16T14:27:52-0400,MESU23,buy,USD,MES,future,4448.0,2.0,1.54,0.0,4444.75,4459.0,MRL (B),<br>,unqCOj6m
2023-06-20T04:04:23-0400,MESU23,sell,USD,MES,future,4445.0,3.0,2.31,0.0,4447.5,4439.0,MRS (A),,v06m9Wwc
2023-06-20T04:26:40-0400,MESU23,buy,USD,MES,future,4439.0,1.0,0.77,0.0,4447.5,4439.0,MRS (A),,v06m9Wwc
2023-06-20T04:20:07-0400,MESU23,buy,USD,MES,future,4441.0,2.0,1.54,0.0,4447.5,4439.0,MRS (A),,v06m9Wwc
2023-09-12T10:24:32-0400,MESZ23,sell,USD,MES,future,4523.5,2.0,1.54,0.0,4523.5,4539.5,MRL (A),,v9XwWGD8
2023-09-12T10:10:41-0400,MESZ23,buy,USD,MES,future,4526.5,2.0,1.54,0.0,4523.5,4539.5,MRL (A),,v9XwWGD8
2023-04-03T12:06:04-0400,ESM23,sell,USD,ES,future,4138.25,1.0,2.29,0.0,4132.75,N/A,"EarlyClose,MRL (B)",,vIyHBLBm
2023-04-03T11:55:28-0400,ESM23,buy,USD,ES,future,4136.75,1.0,2.29,0.0,4132.75,N/A,"EarlyClose,MRL (B)",,vIyHBLBm
2023-12-04T12:06:23-0500,MESZ23,sell,USD,MES,future,4571.0,2.0,1.44,0.0,4553.5,4571.0,MRL (B),,VktMelV4
2023-12-04T11:27:15-0500,MESZ23,buy,USD,MES,future,4560.0,2.0,1.44,0.0,4553.5,4571.0,MRL (B),,VktMelV4
2023-12-04T11:15:27-0500,MESZ23,buy,USD,MES,future,4558.5,2.0,1.44,0.0,4553.5,4571.0,MRL (B),,VktMelV4
2023-12-04T11:47:00-0500,MESZ23,sell,USD,MES,future,4565.0,2.0,1.44,0.0,4553.5,4571.0,MRL (B),,VktMelV4
2023-05-17T11:22:34-0400,MESM23,buy,USD,MES,future,4135.0,1.0,0.77,0.0,4144.5,4135.0,MRS (A),,vMVyCk1P
2023-05-17T11:40:25-0400,MESM23,buy,USD,MES,future,4144.5,2.0,1.54,0.0,4144.5,4135.0,MRS (A),,vMVyCk1P
2023-05-17T11:19:08-0400,MESM23,sell,USD,MES,future,4143.0,3.0,2.31,0.0,4144.5,4135.0,MRS (A),,vMVyCk1P
2023-11-30T10:57:31-0500,MESZ23,buy,USD,MES,future,4558.0,2.0,1.2,0.0,4554.0,4574.0,MRL (A),,vPtLf05L
2023-11-30T11:21:30-0500,MESZ23,sell,USD,MES,future,4554.0,2.0,1.2,0.0,4554.0,4574.0,MRL (A),,vPtLf05L
2023-05-16T10:26:17-0400,MESM23,buy,USD,MES,future,4134.5,2.0,1.54,0.0,4130.25,4141.75,MRL (B),,vQ3AKE3o
2023-05-16T10:32:23-0400,MESM23,sell,USD,MES,future,4134.75,1.0,0.77,0.0,4130.25,4141.75,MRL (B),,vQ3AKE3o
2023-05-16T10:31:03-0400,MESM23,sell,USD,MES,future,4141.5,1.0,0.77,0.0,4130.25,4141.75,MRL (B),,vQ3AKE3o
2023-06-13T09:42:15-0400,MESU23,sell,USD,MES,future,4415.75,1.0,0.77,0.0,4405.0,4428.0,"ML (A+),OpenTrade",,vQx6hDF3
2023-06-13T09:47:54-0400,MESU23,sell,USD,MES,future,4409.75,1.0,0.77,0.0,4405.0,4428.0,"ML (A+),OpenTrade",,vQx6hDF3
2023-06-13T09:43:07-0400,MESU23,sell,USD,MES,future,4420.0,1.0,0.77,0.0,4405.0,4428.0,"ML (A+),OpenTrade",,vQx6hDF3
2023-06-13T09:38:31-0400,MESU23,buy,USD,MES,future,4409.0,3.0,2.31,0.0,4405.0,4428.0,"ML (A+),OpenTrade",,vQx6hDF3
2023-06-28T10:39:07-0400,MESU23,sell,USD,MES,future,4418.75,1.0,0.77,0.0,4406.0,4418.75,ML (B),,VV9EGsDM
2023-06-28T10:40:05-0400,MESU23,sell,USD,MES,future,4416.75,1.0,0.77,0.0,4406.0,4418.75,ML (B),,VV9EGsDM
2023-06-28T10:27:07-0400,MESU23,buy,USD,MES,future,4409.75,2.0,1.54,0.0,4406.0,4418.75,ML (B),,VV9EGsDM
2023-05-17T10:25:29-0400,MESM23,buy,USD,MES,future,4135.25,2.0,1.54,0.0,4135.25,4123.0,MS (B),,w2aLC3XZ
2023-05-17T10:20:02-0400,MESM23,sell,USD,MES,future,4131.5,2.0,1.54,0.0,4135.25,4123.0,MS (B),,w2aLC3XZ
2023-08-22T10:27:14-0400,MESU23,sell,USD,MES,future,4413.0,1.0,0.77,0.0,4412.0,4430.0,MRL (B),<br>,wbzuy2Nn
2023-08-22T10:00:43-0400,MESU23,buy,USD,MES,future,4416.0,2.0,1.54,0.0,4412.0,4430.0,MRL (B),<br>,wbzuy2Nn
2023-08-22T10:13:06-0400,MESU23,sell,USD,MES,future,4422.0,1.0,0.77,0.0,4412.0,4430.0,MRL (B),<br>,wbzuy2Nn
2023-06-16T11:53:28-0400,MESU23,buy,USD,MES,future,4469.25,2.0,1.54,0.0,4474.5,4463.0,MS (A),,Wc2a1uXZ
2023-06-16T11:31:31-0400,MESU23,sell,USD,MES,future,4470.0,2.0,1.54,0.0,4474.5,4463.0,MS (A),,Wc2a1uXZ
2023-12-08T11:09:15-0500,MESZ23,sell,USD,MES,future,4598.25,4.0,2.88,0.0,4602.25,4588.5,MRS (A),,wdqvOCLe
2023-12-08T11:17:30-0500,MESZ23,buy,USD,MES,future,4588.5,2.0,1.44,0.0,4602.25,4588.5,MRS (A),,wdqvOCLe
2023-12-08T11:16:30-0500,MESZ23,buy,USD,MES,future,4592.0,2.0,1.44,0.0,4602.25,4588.5,MRS (A),,wdqvOCLe
2023-06-22T08:29:13-0400,MESU23,sell,USD,MES,future,4397.25,2.0,1.54,0.0,4392.75,4406.5,MRL (A),,WgNvVnBu
2023-06-22T07:38:42-0400,MESU23,buy,USD,MES,future,4396.75,2.0,1.54,0.0,4392.75,4406.5,MRL (A),,WgNvVnBu
2023-08-01T10:36:17-0400,ESU23,buy,USD,ES,future,4598.75,1.0,2.0,0.0,N/A,N/A,MRL (B),,wH2p0JZ7
2023-08-01T11:18:07-0400,ESU23,sell,USD,ES,future,4594.75,1.0,2.29,0.0,N/A,N/A,MRL (B),,wH2p0JZ7
2023-07-06T13:46:15-0400,MESU23,sell,USD,MES,future,4443.25,2.0,0.0,0.0,4434.75,4453.0,ML (A),,WiwoakAG
2023-07-06T15:10:40-0400,MESU23,sell,USD,MES,future,4447.75,1.0,0.0,0.0,4434.75,4453.0,ML (A),,WiwoakAG
2023-07-06T12:40:01-0400,MESU23,buy,USD,MES,future,4437.75,3.0,0.0,0.0,4434.75,4453.0,ML (A),,WiwoakAG
2023-07-31T09:54:01-0400,ESU23,sell,USD,ES,future,4614.0,1.0,2.29,0.0,N/A,N/A,"ML (A),OpenTrade",,wXc46r95
2023-07-31T09:51:11-0400,ESU23,buy,USD,ES,future,4617.0,1.0,2.29,0.0,N/A,N/A,"ML (A),OpenTrade",,wXc46r95
2023-07-14T10:00:47-0400,ESU23,buy,USD,ES,future,4548.25,1.0,2.29,0.0,4560.0,4548.25,MRS (B),,xprKJyKL
2023-07-14T09:52:05-0400,ESU23,sell,USD,ES,future,4556.0,1.0,2.29,0.0,4560.0,4548.25,MRS (B),,xprKJyKL
2023-08-02T09:34:07-0400,ESU23,sell,USD,ES,future,4562.5,1.0,2.29,0.0,N/A,N/A,"MS (A+),OpenTrade",,xSoUh75k
2023-08-02T09:42:06-0400,ESU23,buy,USD,ES,future,4566.5,1.0,2.29,0.0,N/A,N/A,"MS (A+),OpenTrade",,xSoUh75k
2023-11-03T10:33:28-0400,MESZ23,sell,USD,MES,future,4366.5,1.0,0.77,0.0,4370.5,4357.5,MRS (A),SimpleBracket.twconfig,xUZlROMc
2023-11-03T11:00:01-0400,MESZ23,buy,USD,MES,future,4370.5,1.0,0.77,0.0,4370.5,4357.5,MRS (A),SimpleBracket.twconfig,xUZlROMc
2023-11-03T11:00:01-0400,MESZ23,buy,USD,MES,future,4370.5,1.0,0.77,0.0,4370.5,4357.5,MRS (A),SimpleBracket.twconfig,xUZlROMc
2023-11-03T10:33:28-0400,MESZ23,sell,USD,MES,future,4366.5,1.0,0.77,0.0,4370.5,4357.5,MRS (A),SimpleBracket.twconfig,xUZlROMc
2023-04-20T12:23:18-0400,ESM23,sell,USD,ES,future,4157.25,1.0,2.29,0.0,4152.5,4168.0,"EarlyClose,ML (B)",,Y7IhIltr
2023-04-20T12:10:05-0400,ESM23,buy,USD,ES,future,4156.5,1.0,2.29,0.0,4152.5,4168.0,"EarlyClose,ML (B)",,Y7IhIltr
2023-04-24T13:13:40-0400,ESM23,buy,USD,ES,future,4149.5,1.0,2.29,0.0,4146.75,4159.0,"EarlyClose,MRL (B)",,y8VjjFOo
2023-04-24T14:08:26-0400,ESM23,sell,USD,ES,future,4153.75,1.0,2.29,0.0,4146.75,4159.0,"EarlyClose,MRL (B)",,y8VjjFOo
2023-08-16T14:44:50-0400,MESU23,buy,USD,MES,future,4445.5,1.0,0.77,0.0,4442.25,4454.0,MRL (A),<br>,Y8WopxD2
2023-08-16T14:44:52-0400,MESU23,buy,USD,MES,future,4445.0,1.0,0.77,0.0,4442.25,4454.0,MRL (A),<br>,Y8WopxD2
2023-08-16T14:49:01-0400,MESU23,sell,USD,MES,future,4442.25,2.0,1.54,0.0,4442.25,4454.0,MRL (A),<br>,Y8WopxD2
2023-06-09T12:01:07-0400,MESM23,buy,USD,MES,future,4295.0,1.0,0.77,0.0,4309.0,N/A,MS (A),,ycTCx9NZ
2023-06-09T11:55:21-0400,MESM23,buy,USD,MES,future,4300.0,2.0,1.54,0.0,4309.0,N/A,MS (A),,ycTCx9NZ
2023-06-09T11:51:21-0400,MESM23,sell,USD,MES,future,4305.5,3.0,2.31,0.0,4309.0,N/A,MS (A),,ycTCx9NZ
2023-09-19T09:50:41-0400,MESZ23,sell,USD,MES,future,4490.0,2.0,1.54,0.0,4490.0,4506.0,MRL (A),,yDAbk0iu
2023-09-19T09:45:02-0400,MESZ23,buy,USD,MES,future,4493.0,2.0,1.54,0.0,4490.0,4506.0,MRL (A),,yDAbk0iu
2023-11-28T10:20:33-0500,MESZ23,sell,USD,MES,future,4556.5,2.0,1.44,0.0,4548.5,4561.0,MRL (A),,YEv41uUw
2023-11-28T10:30:02-0500,MESZ23,sell,USD,MES,future,4555.0,2.0,1.44,0.0,4548.5,4561.0,MRL (A),,YEv41uUw
2023-11-28T10:12:36-0500,MESZ23,buy,USD,MES,future,4552.5,4.0,2.88,0.0,4548.5,4561.0,MRL (A),,YEv41uUw
2023-07-06T03:24:16-0400,MESU23,buy,USD,MES,future,4467.0,3.0,0.0,0.0,4467.0,4456.0,"LateEntry,MS (A)",,yiHPvVZv
2023-07-06T03:20:02-0400,MESU23,sell,USD,MES,future,4463.5,3.0,0.0,0.0,4467.0,4456.0,"LateEntry,MS (A)",,yiHPvVZv
2023-05-22T10:12:42-0400,MESM23,buy,USD,MES,future,4204.25,3.0,2.31,0.0,4200.5,4208.75,MRL (B),,yKSyfXpG
2023-05-22T10:19:01-0400,MESM23,sell,USD,MES,future,4208.75,1.0,0.77,0.0,4200.5,4208.75,MRL (B),,yKSyfXpG
2023-05-22T10:33:52-0400,MESM23,sell,USD,MES,future,4208.75,1.0,0.77,0.0,4200.5,4208.75,MRL (B),,yKSyfXpG
2023-05-22T10:43:12-0400,MESM23,sell,USD,MES,future,4204.75,1.0,0.77,0.0,4200.5,4208.75,MRL (B),,yKSyfXpG
2023-06-05T10:40:02-0400,MESM23,sell,USD,MES,future,4290.25,2.0,1.54,0.0,4294.75,4181.0,MS (A),,yM5PTVti
2023-06-05T10:45:00-0400,MESM23,buy,USD,MES,future,4294.75,2.0,1.54,0.0,4294.75,4181.0,MS (A),,yM5PTVti
2023-05-15T11:51:20-0400,MESM23,buy,USD,MES,future,4143.0,3.0,2.31,0.0,4143.0,4134.75,MRS (B),,YmKKD4dJ
2023-05-15T11:30:08-0400,MESM23,sell,USD,MES,future,4140.25,3.0,2.31,0.0,4143.0,4134.75,MRS (B),,YmKKD4dJ
2023-07-31T09:57:00-0400,ESU23,buy,USD,ES,future,4605.25,1.0,2.29,0.0,4617.25,4605.25,MRS (A),,zBkFQ1DA
2023-07-31T09:55:01-0400,ESU23,sell,USD,ES,future,4613.5,1.0,2.29,0.0,4617.25,4605.25,MRS (A),,zBkFQ1DA
2023-07-28T12:57:41-0400,ESU23,sell,USD,ES,future,4610.5,1.0,2.29,0.0,N/A,N/A,ML (A),,ZCDoZXZD
2023-07-28T12:51:58-0400,ESU23,buy,USD,ES,future,4612.25,1.0,2.29,0.0,N/A,N/A,ML (A),,ZCDoZXZD
2023-06-29T10:14:25-0400,MESU23,buy,USD,MES,future,4418.25,2.0,1.54,0.0,4414.25,4426.24,MRL (A),,zgxCVlpM
2023-06-29T10:23:24-0400,MESU23,sell,USD,MES,future,4422.5,1.0,0.77,0.0,4414.25,4426.24,MRL (A),,zgxCVlpM
2023-06-29T10:21:25-0400,MESU23,sell,USD,MES,future,4426.25,1.0,0.77,0.0,4414.25,4426.24,MRL (A),,zgxCVlpM
2023-04-14T09:46:25-0400,ESM23,sell,USD,ES,future,4183.0,1.0,2.29,0.0,4174.75,4183.0,ML (A),,ZHHZizki
2023-04-14T09:43:03-0400,ESM23,buy,USD,ES,future,4177.5,1.0,2.29,0.0,4174.75,4183.0,ML (A),,ZHHZizki
2023-11-03T11:08:17-0400,MESZ23,sell,USD,MES,future,4367.75,1.0,0.77,0.0,4371.75,4358.0,MRS (A),SimpleBracket.twconfig,ZJvCssRT
2023-11-03T11:12:21-0400,MESZ23,buy,USD,MES,future,4369.25,1.0,0.77,0.0,4371.75,4358.0,MRS (A),SimpleBracket.twconfig,ZJvCssRT
2023-11-03T11:08:17-0400,MESZ23,sell,USD,MES,future,4367.75,1.0,0.77,0.0,4371.75,4358.0,MRS (A),SimpleBracket.twconfig,ZJvCssRT
2023-11-03T11:11:04-0400,MESZ23,buy,USD,MES,future,4363.5,1.0,0.77,0.0,4371.75,4358.0,MRS (A),SimpleBracket.twconfig,ZJvCssRT
2023-08-15T10:23:09-0400,MESU23,sell,USD,MES,future,4466.25,2.0,1.54,0.0,N/A,N/A,MS (A+),,ZkmIiGd4
2023-08-15T10:30:28-0400,MESU23,buy,USD,MES,future,4465.5,2.0,1.54,0.0,N/A,N/A,MS (A+),,ZkmIiGd4
2023-08-11T10:16:03-0400,MESU23,sell,USD,MES,future,4484.0,1.0,0.77,0.0,4463.75,4484.0,MRL (A),,zLaTkppx
2023-08-11T09:56:17-0400,MESU23,buy,USD,MES,future,4467.25,2.0,1.54,0.0,4463.75,4484.0,MRL (A),,zLaTkppx
2023-08-11T10:00:38-0400,MESU23,sell,USD,MES,future,4474.75,1.0,0.77,0.0,4463.75,4484.0,MRL (A),,zLaTkppx
2023-09-25T09:55:46-0400,MESZ23,sell,USD,MES,future,4361.0,1.0,0.77,0.0,4350.5,4365.0,MRL (B),<br>,ZNnNN2Oz
2023-09-25T09:57:00-0400,MESZ23,sell,USD,MES,future,4365.0,1.0,0.77,0.0,4350.5,4365.0,MRL (B),<br>,ZNnNN2Oz
2023-09-25T09:44:51-0400,MESZ23,buy,USD,MES,future,4354.5,2.0,1.54,0.0,4350.5,4365.0,MRL (B),<br>,ZNnNN2Oz
2023-04-18T10:09:05-0400,ESM23,buy,USD,ES,future,4181.0,1.0,2.29,0.0,4181.0,4166.0,"MS (B),Pre-empt",,ZPq5WVgE
2023-04-18T10:06:53-0400,ESM23,sell,USD,ES,future,4178.5,1.0,2.29,0.0,4181.0,4166.0,"MS (B),Pre-empt",,ZPq5WVgE
2023-06-22T10:28:12-0400,MESU23,buy,USD,MES,future,4414.25,3.0,2.31,0.0,4410.0,4420.0,ML (A),,ZSM5mPQh
2023-06-22T10:38:36-0400,MESU23,sell,USD,MES,future,4410.0,3.0,2.31,0.0,4410.0,4420.0,ML (A),,ZSM5mPQh
2023-09-21T11:34:00-0400,MESZ23,buy,USD,MES,future,4401.0,1.0,0.77,0.0,4405.0,4392.0,MS (A),<br>,Ztxrgv2h
2023-09-21T11:09:07-0400,MESZ23,sell,USD,MES,future,4402.0,2.0,1.54,0.0,4405.0,4392.0,MS (A),<br>,Ztxrgv2h
2023-09-21T11:13:53-0400,MESZ23,buy,USD,MES,future,4396.0,1.0,0.77,0.0,4405.0,4392.0,MS (A),<br>,Ztxrgv2h
2023-09-11T11:22:32-0400,MESZ23,buy,USD,MES,future,4525.5,2.0,1.54,0.0,4521.5,4534.0,MRL (B),,ZUMcpXo8
2023-09-11T13:18:41-0400,MESZ23,sell,USD,MES,future,4534.0,1.0,0.77,0.0,4521.5,4534.0,MRL (B),,ZUMcpXo8
2023-09-11T11:29:04-0400,MESZ23,sell,USD,MES,future,4529.5,1.0,0.77,0.0,4521.5,4534.0,MRL (B),,ZUMcpXo8
2023-12-14T10:21:34-0500,MESH24,buy,USD,MES,future,4776.0,2.0,1.54,0.0,4772.0,4785.0,MRL (A),<br>,zvYluHOb
2023-12-14T10:38:23-0500,MESH24,sell,USD,MES,future,4772.25,2.0,1.54,0.0,4772.0,4785.0,MRL (A),<br>,zvYluHOb
2023-12-14T10:19:07-0500,MESH24,buy,USD,MES,future,4776.0,2.0,1.54,0.0,4772.0,4785.0,MRL (A),<br>,zvYluHOb
2023-12-14T10:38:23-0500,MESH24,sell,USD,MES,future,4772.25,2.0,1.54,0.0,4772.0,4785.0,MRL (A),<br>,zvYluHOb
2023-10-11T10:36:12-0400,MESZ23,sell,USD,MES,future,4394.75,4.0,3.08,0.0,4398.25,4386.0,MS (A),<br>,zwTjKwhn
2023-10-11T10:51:29-0400,MESZ23,buy,USD,MES,future,4398.25,4.0,3.08,0.0,4398.25,4386.0,MS (A),<br>,zwTjKwhn
2023-10-11T10:51:29-0400,MESZ23,buy,USD,MES,future,4398.25,4.0,3.08,0.0,4398.25,4386.0,MS (A),<br>,zwTjKwhn
2023-10-11T10:36:12-0400,MESZ23,sell,USD,MES,future,4394.75,4.0,3.08,0.0,4398.25,4386.0,MS (A),<br>,zwTjKwhn
2023-12-12T10:49:54-0500,MESH24,sell,USD,MES,future,4679.0,2.0,1.54,0.0,4666.75,4683.0,MRL (B),<br>,zYyhFr4N
2023-12-12T09:58:53-0500,MESH24,buy,USD,MES,future,4670.75,4.0,3.08,0.0,4666.75,4683.0,MRL (B),<br>,zYyhFr4N
2023-12-12T10:06:45-0500,MESH24,sell,USD,MES,future,4676.0,2.0,1.54,0.0,4666.75,4683.0,MRL (B),<br>,zYyhFr4N
